2026/08/24 09:30:51 [24992] building file list
2026/08/24 09:30:51 [24992] cd+++++++++ ./
2026/08/24 09:30:51 [24992] <f+++++++++ .gitattributes
2026/08/24 09:30:51 [24992] <f+++++++++ .gitignore
2026/08/24 09:30:51 [24992] <f+++++++++ README.md
2026/08/24 09:30:51 [24992] <f+++++++++ README_en.md
2026/08/24 09:30:51 [24992] <f+++++++++ analysis.ipynb
2026/08/24 09:30:51 [24992] <f+++++++++ how_to_submit_solution.md
2026/08/24 09:30:51 [24992] <f+++++++++ how_to_submit_solution_en.md
2026/08/24 09:30:51 [24992] <f+++++++++ summary.csv
2026/08/24 09:30:51 [24992] cd+++++++++ "/
2026/08/24 09:30:51 [24992] cd+++++++++ "/"/
2026/08/24 09:30:51 [24992] cd+++++++++ .git/
2026/08/24 09:30:51 [24992] <f+++++++++ .git/COMMIT_EDITMSG
2026/08/24 09:30:51 [24992] <f+++++++++ .git/HEAD
2026/08/24 09:30:51 [24992] <f+++++++++ .git/config
2026/08/24 09:30:51 [24992] <f+++++++++ .git/description
2026/08/24 09:30:51 [24992] <f+++++++++ .git/index
2026/08/24 09:30:51 [24992] <f+++++++++ .git/packed-refs
2026/08/24 09:30:51 [24992] cd+++++++++ .git/branches/
2026/08/24 09:30:51 [24992] cd+++++++++ .git/gk/
2026/08/24 09:30:51 [24992] <f+++++++++ .git/gk/config
2026/08/24 09:30:51 [24992] cd+++++++++ .git/hooks/
2026/08/24 09:30:51 [24992] <f+++++++++ .git/hooks/applypatch-msg.sample
2026/08/24 09:30:51 [24992] <f+++++++++ .git/hooks/commit-msg.sample
2026/08/24 09:30:51 [24992] <f+++++++++ .git/hooks/fsmonitor-watchman.sample
2026/08/24 09:30:51 [24992] <f+++++++++ .git/hooks/post-update.sample
2026/08/24 09:30:51 [24992] <f+++++++++ .git/hooks/pre-applypatch.sample
2026/08/24 09:30:51 [24992] <f+++++++++ .git/hooks/pre-commit.sample
2026/08/24 09:30:51 [24992] <f+++++++++ .git/hooks/pre-merge-commit.sample
2026/08/24 09:30:51 [24992] <f+++++++++ .git/hooks/pre-push.sample
2026/08/24 09:30:51 [24992] <f+++++++++ .git/hooks/pre-rebase.sample
2026/08/24 09:30:51 [24992] <f+++++++++ .git/hooks/pre-receive.sample
2026/08/24 09:30:51 [24992] <f+++++++++ .git/hooks/prepare-commit-msg.sample
2026/08/24 09:30:51 [24992] <f+++++++++ .git/hooks/push-to-checkout.sample
2026/08/24 09:30:51 [24992] <f+++++++++ .git/hooks/sendemail-validate.sample
2026/08/24 09:30:51 [24992] <f+++++++++ .git/hooks/update.sample
2026/08/24 09:30:51 [24992] cd+++++++++ .git/info/
2026/08/24 09:30:51 [24992] <f+++++++++ .git/info/exclude
2026/08/24 09:30:51 [24992] cd+++++++++ .git/logs/
2026/08/24 09:30:51 [24992] <f+++++++++ .git/logs/HEAD
2026/08/24 09:30:51 [24992] cd+++++++++ .git/logs/refs/
2026/08/24 09:30:51 [24992] cd+++++++++ .git/logs/refs/heads/
2026/08/24 09:30:51 [24992] <f+++++++++ .git/logs/refs/heads/main
2026/08/24 09:30:51 [24992] cd+++++++++ .git/logs/refs/remotes/
2026/08/24 09:30:51 [24992] cd+++++++++ .git/logs/refs/remotes/origin/
2026/08/24 09:30:51 [24992] <f+++++++++ .git/logs/refs/remotes/origin/HEAD
2026/08/24 09:30:51 [24992] <f+++++++++ .git/logs/refs/remotes/origin/main
2026/08/24 09:30:51 [24992] cd+++++++++ .git/objects/
2026/08/24 09:30:51 [24992] cd+++++++++ .git/objects/00/
2026/08/24 09:30:51 [24992] <f+++++++++ .git/objects/00/375982d4870e7ab0afc48a0c0969938185ba52
2026/08/24 09:30:51 [24992] <f+++++++++ .git/objects/00/4c342a978acd9195aa2429a167ef34ddb9a7f8
2026/08/24 09:30:51 [24992] <f+++++++++ .git/objects/00/6ff899bc0860c0d1ae19caddf0691d4b338bdf
2026/08/24 09:30:51 [24992] <f+++++++++ .git/objects/00/e2e89c667c04204f33edfeaccc0e980b083785
2026/08/24 09:30:51 [24992] <f+++++++++ .git/objects/00/e5492d07c0cdcfb06c514cceb15f61f575d5b6
2026/08/24 09:30:51 [24992] cd+++++++++ .git/objects/01/
2026/08/24 09:30:51 [24992] <f+++++++++ .git/objects/01/801aee9ba5bee9a588596e554c4a03c999a965
2026/08/24 09:30:51 [24992] <f+++++++++ .git/objects/01/a8116a1ef664d46023e258f3d78b673b00d1e3
2026/08/24 09:30:51 [24992] cd+++++++++ .git/objects/02/
2026/08/24 09:30:51 [24992] <f+++++++++ .git/objects/02/0e3bfc21b7012d99fe8168bbfd3c3195ce0990
2026/08/24 09:30:51 [24992] <f+++++++++ .git/objects/02/22b940831b19b610d7bf8e1c43ec76731f63dd
2026/08/24 09:30:51 [24992] <f+++++++++ .git/objects/02/5a62bac612182953a6659107b4e0e61e60c8d0
2026/08/24 09:30:51 [24992] <f+++++++++ .git/objects/02/6a1938e8c1d5cfbf87cb215eb6bc27bcf444c8
2026/08/24 09:30:51 [24992] <f+++++++++ .git/objects/02/72c6db6cdb40ebafe38841928c6e8cbdf4fd58
2026/08/24 09:30:51 [24992] <f+++++++++ .git/objects/02/da98438282c4bcd02a768d6d0514068a758cfe
2026/08/24 09:30:51 [24992] <f+++++++++ .git/objects/02/dbcbb2da0d26a0b889d9731df112eae8ecada3
2026/08/24 09:30:51 [24992] <f+++++++++ .git/objects/02/f2754f61d44c5949157f3e14e2f0773c115781
2026/08/24 09:30:51 [24992] cd+++++++++ .git/objects/03/
2026/08/24 09:30:51 [24992] <f+++++++++ .git/objects/03/39d509f4dcdd1979a44b4780b34a3b77ec9346
2026/08/24 09:30:51 [24992] <f+++++++++ .git/objects/03/5d1e4a7fc0d3885365c84d297f40487bcedea9
2026/08/24 09:30:51 [24992] <f+++++++++ .git/objects/03/d921d793c119f099acb57252573d99b454d523
2026/08/24 09:30:51 [24992] <f+++++++++ .git/objects/03/f07f4e95424d5795ee8dbfc8dc302ab8d317fb
2026/08/24 09:30:51 [24992] cd+++++++++ .git/objects/04/
2026/08/24 09:30:51 [24992] <f+++++++++ .git/objects/04/b619cf8e1558e27a02390891076d30d4a01227
2026/08/24 09:30:51 [24992] cd+++++++++ .git/objects/05/
2026/08/24 09:30:51 [24992] <f+++++++++ .git/objects/05/1453ecc4501896da65664c9362225034d6d88a
2026/08/24 09:30:51 [24992] <f+++++++++ .git/objects/05/20eec3e5ddf202d20b69d2aef7fdfefd646322
2026/08/24 09:30:51 [24992] <f+++++++++ .git/objects/05/64643dbb36d28499b2d23886b4abd39403ce74
2026/08/24 09:30:51 [24992] <f+++++++++ .git/objects/05/6b2e3a5ce766ea904701bce4bf9ccdcb8889f7
2026/08/24 09:30:51 [24992] <f+++++++++ .git/objects/05/bc031a216d497aa1a9d9c045f213e61c1904c9
2026/08/24 09:30:51 [24992] cd+++++++++ .git/objects/06/
2026/08/24 09:30:51 [24992] <f+++++++++ .git/objects/06/18adc2417a3baa569b26763cf43bd647a3c820
2026/08/24 09:30:51 [24992] <f+++++++++ .git/objects/06/636d12e4a08429ac0e241210fbb76fc5fdaf82
2026/08/24 09:30:51 [24992] <f+++++++++ .git/objects/06/6868eeefb1e48ed73450057de27018665cd7e6
2026/08/24 09:30:51 [24992] cd+++++++++ .git/objects/07/
2026/08/24 09:30:51 [24992] <f+++++++++ .git/objects/07/211ef4f9b072e5b270c88df014cc43b1b28447
2026/08/24 09:30:51 [24992] <f+++++++++ .git/objects/07/3edebdbc7d3a2cf2a475f4ca9523c2c6390f0a
2026/08/24 09:30:51 [24992] <f+++++++++ .git/objects/07/621fe0754c75906737aedad78a376841ccb277
2026/08/24 09:30:51 [24992] cd+++++++++ .git/objects/08/
2026/08/24 09:30:51 [24992] <f+++++++++ .git/objects/08/25657842b9aad63966a8351c8f38788e744b8f
2026/08/24 09:30:51 [24992] <f+++++++++ .git/objects/08/5c0876a4dac1218f3d728c4d63de51d108e377
2026/08/24 09:30:51 [24992] <f+++++++++ .git/objects/08/5fd214812b6fa8292a96cd8fd42684485a8822
2026/08/24 09:30:51 [24992] <f+++++++++ .git/objects/08/7ca87d5770a463d0b9c63556bfc55e146a0124
2026/08/24 09:30:51 [24992] cd+++++++++ .git/objects/09/
2026/08/24 09:30:51 [24992] <f+++++++++ .git/objects/09/788b2e9794f3080ac3e7853bd3cc047879c2e4
2026/08/24 09:30:51 [24992] <f+++++++++ .git/objects/09/a663f304498cdddce216889f120be4fe050ca2
2026/08/24 09:30:51 [24992] <f+++++++++ .git/objects/09/ad8ff908a88a27e31dfe6efa66922fe1b0e926
2026/08/24 09:30:51 [24992] <f+++++++++ .git/objects/09/c60c35b72bc88b23cf1b5a3ef336004757c224
2026/08/24 09:30:51 [24992] <f+++++++++ .git/objects/09/e51994145d54029f625ae604dfcef842f1b0fe
2026/08/24 09:30:51 [24992] cd+++++++++ .git/objects/0a/
2026/08/24 09:30:51 [24992] <f+++++++++ .git/objects/0a/096b10b120259ed66949c9de018a2a163f68a4
2026/08/24 09:30:51 [24992] cd+++++++++ .git/objects/0b/
2026/08/24 09:30:51 [24992] <f+++++++++ .git/objects/0b/28bd85244de7cd23792700ac121bc7e640113e
2026/08/24 09:30:51 [24992] <f+++++++++ .git/objects/0b/336dcf59a52c978171782c566097eb055ca3a0
2026/08/24 09:30:51 [24992] <f+++++++++ .git/objects/0b/4c50e421bbf635f241aa19d7242534d16f069f
2026/08/24 09:30:51 [24992] <f+++++++++ .git/objects/0b/55ff985e5d1d3bf8134084d70bac04ce4bdee0
2026/08/24 09:30:51 [24992] cd+++++++++ .git/objects/0c/
2026/08/24 09:30:51 [24992] <f+++++++++ .git/objects/0c/54390fee6b39a2f78d0a4fd2cc03edcbe032e2
2026/08/24 09:30:51 [24992] <f+++++++++ .git/objects/0c/97212cff4e9e11fb3eeb33a7305ab5d24a788a
2026/08/24 09:30:51 [24992] cd+++++++++ .git/objects/0d/
2026/08/24 09:30:51 [24992] <f+++++++++ .git/objects/0d/00fd6b03c77cbec2c4ef94b8eb0fc45c7fdcf6
2026/08/24 09:30:51 [24992] <f+++++++++ .git/objects/0d/4df6481a257cb0747412751845106fc8495984
2026/08/24 09:30:51 [24992] <f+++++++++ .git/objects/0d/7077bcd4c29cdcb5319bfa79d9b7e491ea5e2b
2026/08/24 09:30:51 [24992] <f+++++++++ .git/objects/0d/964c40ac2c2e2e95e4de6f91e6945a2aa72085
2026/08/24 09:30:51 [24992] <f+++++++++ .git/objects/0d/f7c09857cad953a67cef1d3e142cdc0dbfd906
2026/08/24 09:30:51 [24992] <f+++++++++ .git/objects/0d/fab172de8f003c7055a8885f181ee7fedfdb5d
2026/08/24 09:30:51 [24992] cd+++++++++ .git/objects/0e/
2026/08/24 09:30:51 [24992] <f+++++++++ .git/objects/0e/1efbae0e2e6501a87a3304076b988f5fef040d
2026/08/24 09:30:51 [24992] <f+++++++++ .git/objects/0e/338c2ca9e7b0379382be05ea3205171156e623
2026/08/24 09:30:51 [24992] <f+++++++++ .git/objects/0e/64b58b1c2bce0b9d8dd75f8a6460c07f4b6d4f
2026/08/24 09:30:51 [24992] <f+++++++++ .git/objects/0e/8c17075684dac1f4cd54170e6f1c7564912b89
2026/08/24 09:30:51 [24992] <f+++++++++ .git/objects/0e/f5b272cabb2f24c87e0712250225f71fea79f8
2026/08/24 09:30:51 [24992] cd+++++++++ .git/objects/0f/
2026/08/24 09:30:51 [24992] <f+++++++++ .git/objects/0f/32167697f0e16a3a745e284402d2a4fbf21658
2026/08/24 09:30:51 [24992] <f+++++++++ .git/objects/0f/3e1780b5c049b73f897ca22384abff726df4a2
2026/08/24 09:30:51 [24992] <f+++++++++ .git/objects/0f/448704a53cc046d8ce6a381961fd0293c8e3e8
2026/08/24 09:30:51 [24992] cd+++++++++ .git/objects/10/
2026/08/24 09:30:51 [24992] <f+++++++++ .git/objects/10/f3c8ec368a32fba368f69608c88a8758411ac8
2026/08/24 09:30:51 [24992] <f+++++++++ .git/objects/10/fd66bff8fff205e0091afa02630eea65ff0f09
2026/08/24 09:30:51 [24992] cd+++++++++ .git/objects/11/
2026/08/24 09:30:51 [24992] <f+++++++++ .git/objects/11/6f02b2420047cd86c572df171fbd5d09796c92
2026/08/24 09:30:51 [24992] <f+++++++++ .git/objects/11/9e0e291e2c04e8704c8bdf05cd05ce41750c42
2026/08/24 09:30:51 [24992] cd+++++++++ .git/objects/12/
2026/08/24 09:30:51 [24992] <f+++++++++ .git/objects/12/14fd3c26252503c93f4e0183c3bc3b856d8483
2026/08/24 09:30:51 [24992] <f+++++++++ .git/objects/12/ca5606d82a9146e060fc77527dc7ad41cf665d
2026/08/24 09:30:51 [24992] cd+++++++++ .git/objects/13/
2026/08/24 09:30:51 [24992] <f+++++++++ .git/objects/13/1448f07aa202766a7e637a8f57fd41d002f036
2026/08/24 09:30:51 [24992] <f+++++++++ .git/objects/13/aaf24dab8cfd1ad0313c748bc5317e8e6382c3
2026/08/24 09:30:51 [24992] cd+++++++++ .git/objects/14/
2026/08/24 09:30:51 [24992] <f+++++++++ .git/objects/14/37a37bdd309f2af1c2e9ef19dc432d6ef1dc4b
2026/08/24 09:30:51 [24992] <f+++++++++ .git/objects/14/3e2fe988e6aa84b30b2fc4d1e178c7e3ccdcab
2026/08/24 09:30:51 [24992] <f+++++++++ .git/objects/14/4049eb827e48f63d8d47837968cec013cbff27
2026/08/24 09:30:51 [24992] <f+++++++++ .git/objects/14/6c57a9e7c4f1f24053d6d87348821d1a950d85
2026/08/24 09:30:51 [24992] <f+++++++++ .git/objects/14/6f686ba3a1a94e3f0dbb2a7b06c82fe92f0d67
2026/08/24 09:30:51 [24992] cd+++++++++ .git/objects/15/
2026/08/24 09:30:51 [24992] <f+++++++++ .git/objects/15/397f10372f94368bc2ab23dda2f96fb933b4a9
2026/08/24 09:30:51 [24992] <f+++++++++ .git/objects/15/47ca57b4302ddd8ceb21ef5ca84c270d68e450
2026/08/24 09:30:51 [24992] <f+++++++++ .git/objects/15/5f0ca496c056141063831c16b725ee1ed0ab72
2026/08/24 09:30:51 [24992] <f+++++++++ .git/objects/15/92e5e071c9c3d4fe6a0934a03aff098d62bb98
2026/08/24 09:30:51 [24992] <f+++++++++ .git/objects/15/97fcb78b9d2fddf88c7f5778ab5c66d9e9aec3
2026/08/24 09:30:51 [24992] cd+++++++++ .git/objects/16/
2026/08/24 09:30:51 [24992] <f+++++++++ .git/objects/16/94f7c541790e6d579ee5b4607d8887862b91c6
2026/08/24 09:30:51 [24992] cd+++++++++ .git/objects/17/
2026/08/24 09:30:51 [24992] <f+++++++++ .git/objects/17/24b1c76a1052510754123e19c0a1d7fdb3a8fa
2026/08/24 09:30:51 [24992] <f+++++++++ .git/objects/17/4b26b37f64490afeb824c7a63a71c0288dc1c8
2026/08/24 09:30:51 [24992] <f+++++++++ .git/objects/17/8e29f1c85b9570735b677d4ffe2bb734347238
2026/08/24 09:30:51 [24992] <f+++++++++ .git/objects/17/c40564827eeb90ba9dd981f1abb566ec3fe753
2026/08/24 09:30:51 [24992] <f+++++++++ .git/objects/17/d7e4535b3288a6bb77172837593c802d4c8e72
2026/08/24 09:30:51 [24992] cd+++++++++ .git/objects/18/
2026/08/24 09:30:51 [24992] <f+++++++++ .git/objects/18/5abe0e8c2819ea9410114245e98462387f86f6
2026/08/24 09:30:51 [24992] <f+++++++++ .git/objects/18/7be91ccb6d537984d9548b66ff5205372151d9
2026/08/24 09:30:51 [24992] <f+++++++++ .git/objects/18/d5095ee65ed81cabe1bbf9fd5bb3b49cd248ef
2026/08/24 09:30:51 [24992] <f+++++++++ .git/objects/18/e2147ee6f7c21520bd65c6fcf67cb8122d6c3c
2026/08/24 09:30:51 [24992] cd+++++++++ .git/objects/19/
2026/08/24 09:30:51 [24992] <f+++++++++ .git/objects/19/876294d7cc6da9dda1d0475bd7f43b771f4b54
2026/08/24 09:30:51 [24992] cd+++++++++ .git/objects/1a/
2026/08/24 09:30:51 [24992] <f+++++++++ .git/objects/1a/358b4b9f48c96bb392597289e7ce88c8460e3c
2026/08/24 09:30:51 [24992] <f+++++++++ .git/objects/1a/56a17a0b4f3b471b3d86a2aed1690eb41ccd5e
2026/08/24 09:30:51 [24992] <f+++++++++ .git/objects/1a/81c5f8860727f61242f2a5ff652b7c83a21600
2026/08/24 09:30:51 [24992] <f+++++++++ .git/objects/1a/efb4458991378117d32e8ef82279d8582e6474
2026/08/24 09:30:51 [24992] cd+++++++++ .git/objects/1b/
2026/08/24 09:30:51 [24992] <f+++++++++ .git/objects/1b/0cb4240e8d66f54024bcf01a352a812ad5726e
2026/08/24 09:30:51 [24992] cd+++++++++ .git/objects/1c/
2026/08/24 09:30:51 [24992] <f+++++++++ .git/objects/1c/1d17dbdef18a66c526049e45c758371b31a254
2026/08/24 09:30:51 [24992] <f+++++++++ .git/objects/1c/6ae2167860a202fe2f9a1c7f57f5604ae34ff8
2026/08/24 09:30:51 [24992] <f+++++++++ .git/objects/1c/8c88062e93b835cb6b338b2006a0908d1e13f1
2026/08/24 09:30:51 [24992] cd+++++++++ .git/objects/1d/
2026/08/24 09:30:51 [24992] <f+++++++++ .git/objects/1d/19664307702f63305d002ce317741fef0695dd
2026/08/24 09:30:51 [24992] <f+++++++++ .git/objects/1d/99ee6667ef8355b3d6fe6df04f060bba0aea5d
2026/08/24 09:30:51 [24992] <f+++++++++ .git/objects/1d/9e719355b57a9263121bd13f5b13bd4e31d826
2026/08/24 09:30:51 [24992] <f+++++++++ .git/objects/1d/a347441b6af0a5c5b48a8aa355825ed1c1c241
2026/08/24 09:30:51 [24992] <f+++++++++ .git/objects/1d/bb6b5508966e0eb2166a9c91c9d4a46eb9c8b6
2026/08/24 09:30:51 [24992] cd+++++++++ .git/objects/1e/
2026/08/24 09:30:51 [24992] <f+++++++++ .git/objects/1e/68e91ce9e5a9143fbd380324d4f2529de9695b
2026/08/24 09:30:51 [24992] <f+++++++++ .git/objects/1e/b3038301e6fa6884110153f18b298a800a9585
2026/08/24 09:30:51 [24992] cd+++++++++ .git/objects/1f/
2026/08/24 09:30:51 [24992] <f+++++++++ .git/objects/1f/0d186bb58bb1a26734532bc29031ee3c5e13df
2026/08/24 09:30:51 [24992] <f+++++++++ .git/objects/1f/1b114865396d4285fd1e72f86e5e54187e30a8
2026/08/24 09:30:51 [24992] <f+++++++++ .git/objects/1f/911d2922f84261f87b4ebf4a2905b89b802425
2026/08/24 09:30:51 [24992] <f+++++++++ .git/objects/1f/a90f436e3c3d5a8574e60618371ad55b5e4813
2026/08/24 09:30:51 [24992] cd+++++++++ .git/objects/20/
2026/08/24 09:30:51 [24992] <f+++++++++ .git/objects/20/2776562ddfdcfc49d8c6e45fc28d25bf9c511d
2026/08/24 09:30:51 [24992] <f+++++++++ .git/objects/20/77810ae5f7854dcc1c2adbbfb8726130c85827
2026/08/24 09:30:51 [24992] cd+++++++++ .git/objects/21/
2026/08/24 09:30:51 [24992] <f+++++++++ .git/objects/21/3592daf56385ccda77083a9b58f48faa79d51f
2026/08/24 09:30:51 [24992] <f+++++++++ .git/objects/21/3d530744153db493a13f484598546f88d6432f
2026/08/24 09:30:51 [24992] <f+++++++++ .git/objects/21/654333a51a08cadf281e7b852ed3416716b4a8
2026/08/24 09:30:51 [24992] <f+++++++++ .git/objects/21/857b78aa4d82c16e6d73e26554cc3d2a763ec0
2026/08/24 09:30:51 [24992] <f+++++++++ .git/objects/21/9df70e19eb19b8f9d5283fcd12a769d5e10336
2026/08/24 09:30:51 [24992] cd+++++++++ .git/objects/22/
2026/08/24 09:30:51 [24992] <f+++++++++ .git/objects/22/951a216684da5d4536d002531d8603df3fb3ca
2026/08/24 09:30:51 [24992] <f+++++++++ .git/objects/22/f8075e2a2b139d6b57d8ee1ba047e72639c2dc
2026/08/24 09:30:51 [24992] cd+++++++++ .git/objects/23/
2026/08/24 09:30:51 [24992] <f+++++++++ .git/objects/23/df589f4fe29f9c3eb73ada8584e8d493d09834
2026/08/24 09:30:51 [24992] <f+++++++++ .git/objects/23/e7d04bbf528119faf8427ea6c53ae5618197da
2026/08/24 09:30:51 [24992] cd+++++++++ .git/objects/24/
2026/08/24 09:30:51 [24992] <f+++++++++ .git/objects/24/354fd18f25eb94e42aa9d7e4646e9d8bb5ad78
2026/08/24 09:30:51 [24992] <f+++++++++ .git/objects/24/94e3eed3e57477268163953942740853cec0f9
2026/08/24 09:30:51 [24992] <f+++++++++ .git/objects/24/fa2aaa058badf29a8e54b6cbf6ba7e848959c0
2026/08/24 09:30:51 [24992] cd+++++++++ .git/objects/25/
2026/08/24 09:30:51 [24992] <f+++++++++ .git/objects/25/6fe5533647ce6b345d2458cb702d1e1396be51
2026/08/24 09:30:51 [24992] <f+++++++++ .git/objects/25/8b434fbb1ed73f72a0b92ffec347003338f649
2026/08/24 09:30:51 [24992] <f+++++++++ .git/objects/25/af4ecc8879412477930fec9f100122865b51d4
2026/08/24 09:30:51 [24992] cd+++++++++ .git/objects/26/
2026/08/24 09:30:51 [24992] <f+++++++++ .git/objects/26/4e9c00f61bd4ef9df3938a2a4f94ff917d821f
2026/08/24 09:30:51 [24992] <f+++++++++ .git/objects/26/8385101421081ee6aa07838cafd7ca0f404157
2026/08/24 09:30:51 [24992] <f+++++++++ .git/objects/26/e08ce8886b3eeeed1538d6c06b2fee70f4a751
2026/08/24 09:30:51 [24992] cd+++++++++ .git/objects/27/
2026/08/24 09:30:51 [24992] <f+++++++++ .git/objects/27/067afd70970132eba01f859c630ddb785b7d2b
2026/08/24 09:30:51 [24992] <f+++++++++ .git/objects/27/16889cff528bbc7d1c24faa4efd37eaa90537f
2026/08/24 09:30:51 [24992] <f+++++++++ .git/objects/27/1e4afef696cbc5cd8cf2dd83af332b64c7f0fc
2026/08/24 09:30:51 [24992] <f+++++++++ .git/objects/27/70dd1cfe5fbb3ac5b7b034d19314b774a49a1f
2026/08/24 09:30:51 [24992] <f+++++++++ .git/objects/27/cdfb3268f0372264bac4b51b86cc43cc9797fe
2026/08/24 09:30:51 [24992] cd+++++++++ .git/objects/28/
2026/08/24 09:30:51 [24992] <f+++++++++ .git/objects/28/6c99c732c667afa02f080fa76fbc4b2dae725f
2026/08/24 09:30:51 [24992] <f+++++++++ .git/objects/28/e83255d6a6f35ee97ab3408db0405a4639a582
2026/08/24 09:30:51 [24992] cd+++++++++ .git/objects/29/
2026/08/24 09:30:51 [24992] <f+++++++++ .git/objects/29/d6f3267489c3ab4e60c20c77854ab0429306bb
2026/08/24 09:30:51 [24992] cd+++++++++ .git/objects/2a/
2026/08/24 09:30:51 [24992] <f+++++++++ .git/objects/2a/1f704591cc3f71d4871af85811fc8b04e6e81c
2026/08/24 09:30:51 [24992] <f+++++++++ .git/objects/2a/3ca31e02857721d04f339f954e7eccb41c0351
2026/08/24 09:30:51 [24992] <f+++++++++ .git/objects/2a/60c40d36356b0d85a52ec59d0acafe208e6481
2026/08/24 09:30:51 [24992] <f+++++++++ .git/objects/2a/d2199a149e801b87b37ef19a50cb8379df39b8
2026/08/24 09:30:51 [24992] cd+++++++++ .git/objects/2c/
2026/08/24 09:30:51 [24992] <f+++++++++ .git/objects/2c/69b6779b1d027769d5843b5eb61c0b584b8ade
2026/08/24 09:30:51 [24992] <f+++++++++ .git/objects/2c/82791405ba9a04d3ea56fa542e8254ee0e0f08
2026/08/24 09:30:51 [24992] <f+++++++++ .git/objects/2c/977cf3e73212d5ed971a279ae0f095266fbe1d
2026/08/24 09:30:51 [24992] cd+++++++++ .git/objects/2d/
2026/08/24 09:30:51 [24992] <f+++++++++ .git/objects/2d/800d17d07e94ec878698567bad2010be47c905
2026/08/24 09:30:51 [24992] <f+++++++++ .git/objects/2d/c8aee490062f20542ecefb93b620d94e12b584
2026/08/24 09:30:51 [24992] cd+++++++++ .git/objects/2e/
2026/08/24 09:30:51 [24992] <f+++++++++ .git/objects/2e/024199cd82c766535bc2325a62dd9f46e57aa6
2026/08/24 09:30:51 [24992] <f+++++++++ .git/objects/2e/18356b6ba36a364a569c58b962c72a4b1640b5
2026/08/24 09:30:51 [24992] <f+++++++++ .git/objects/2e/628704e00cf866b01ce882bdd4c1be3de174f2
2026/08/24 09:30:51 [24992] <f+++++++++ .git/objects/2e/c3951635427a788542f393df714b6417b4d379
2026/08/24 09:30:51 [24992] <f+++++++++ .git/objects/2e/ff298ee7fcdc44126b55d6c10a1c48b2a94cba
2026/08/24 09:30:51 [24992] cd+++++++++ .git/objects/2f/
2026/08/24 09:30:51 [24992] <f+++++++++ .git/objects/2f/777f5959474ee20bfe21fbf3f184e21592d111
2026/08/24 09:30:51 [24992] <f+++++++++ .git/objects/2f/c42c2dc4dcadde4d19b66a279dde9eeb1a206a
2026/08/24 09:30:51 [24992] <f+++++++++ .git/objects/2f/eccc3a1decb4e0423b0488a723080474409f76
2026/08/24 09:30:51 [24992] cd+++++++++ .git/objects/30/
2026/08/24 09:30:51 [24992] <f+++++++++ .git/objects/30/0be488efd275ac3eba153b813eb41ee53ae771
2026/08/24 09:30:51 [24992] <f+++++++++ .git/objects/30/0fe5bf2d82b0361338062080c55017677077bd
2026/08/24 09:30:51 [24992] <f+++++++++ .git/objects/30/208d7fa2fceeae7e3152046b248f41a99e7c03
2026/08/24 09:30:51 [24992] <f+++++++++ .git/objects/30/84e789ed4d027ab95ed3668d4612044df6e91f
2026/08/24 09:30:51 [24992] <f+++++++++ .git/objects/30/d8b0c9ff2b78287ee8e8f9d30876c1c4115baa
2026/08/24 09:30:51 [24992] cd+++++++++ .git/objects/31/
2026/08/24 09:30:51 [24992] <f+++++++++ .git/objects/31/0997572265ea3cf05415b99393d4624760345c
2026/08/24 09:30:51 [24992] <f+++++++++ .git/objects/31/77c584f49769fbe91c3a3c9368bc2b953b7530
2026/08/24 09:30:51 [24992] <f+++++++++ .git/objects/31/bb82899d8a5d8cacf72d39d769436e62bbe76e
2026/08/24 09:30:51 [24992] cd+++++++++ .git/objects/32/
2026/08/24 09:30:51 [24992] <f+++++++++ .git/objects/32/1b885f8a3e62264cc626000f8c0fc20981f9eb
2026/08/24 09:30:51 [24992] <f+++++++++ .git/objects/32/4dcd7ad1da8244e3e9ef024ea4acaeb6323fb1
2026/08/24 09:30:51 [24992] cd+++++++++ .git/objects/33/
2026/08/24 09:30:51 [24992] <f+++++++++ .git/objects/33/5d916e62b6a673bd3a71f55b8dfc6a80cb426b
2026/08/24 09:30:51 [24992] <f+++++++++ .git/objects/33/7f1a036857ecfd050d5a4009f7111e516642fb
2026/08/24 09:30:51 [24992] <f+++++++++ .git/objects/33/d68aebdd9ccbc80d020a2a4b1db6582cca2de1
2026/08/24 09:30:51 [24992] cd+++++++++ .git/objects/34/
2026/08/24 09:30:51 [24992] <f+++++++++ .git/objects/34/2ff991dc1abec4395a7c032f662e5f2f131835
2026/08/24 09:30:51 [24992] <f+++++++++ .git/objects/34/70c61ddf9b7877eccfe0d8f5dd0f8a94a10e89
2026/08/24 09:30:51 [24992] <f+++++++++ .git/objects/34/b84f0a7a4f6e94dd3370f986462a272de852ed
2026/08/24 09:30:51 [24992] <f+++++++++ .git/objects/34/bb7869b93b949c74169574743017b17d2721ae
2026/08/24 09:30:51 [24992] <f+++++++++ .git/objects/34/c267fba3692e0ed78729ba54abf4846df8fa4f
2026/08/24 09:30:51 [24992] <f+++++++++ .git/objects/34/e9100ab24eb33bbf667adee4813be9e7fd18e2
2026/08/24 09:30:51 [24992] cd+++++++++ .git/objects/35/
2026/08/24 09:30:51 [24992] <f+++++++++ .git/objects/35/085f3cc5bdb500d9dcd03a70aaadf398f18941
2026/08/24 09:30:51 [24992] <f+++++++++ .git/objects/35/54d58e22d362528bcdbf85c04f2865f0b868e7
2026/08/24 09:30:51 [24992] cd+++++++++ .git/objects/36/
2026/08/24 09:30:51 [24992] <f+++++++++ .git/objects/36/1b6995ca67345b1bfd67c26a3db48b986d0004
2026/08/24 09:30:51 [24992] <f+++++++++ .git/objects/36/3196d3a3571d044272f496d53d51294eba6e2f
2026/08/24 09:30:51 [24992] <f+++++++++ .git/objects/36/ad12d1a1cbf7eb62e7ba7bbb2cd8b340966a6f
2026/08/24 09:30:51 [24992] cd+++++++++ .git/objects/37/
2026/08/24 09:30:51 [24992] <f+++++++++ .git/objects/37/09b8ff3d2f5d311cfa5356b218a484eced854d
2026/08/24 09:30:51 [24992] <f+++++++++ .git/objects/37/4a6770d4be0bbe407afc56b96c6c8611337b4e
2026/08/24 09:30:51 [24992] <f+++++++++ .git/objects/37/f88e69344abff2ca25c790367b744a0df7a7d1
2026/08/24 09:30:51 [24992] <f+++++++++ .git/objects/37/f98cf84a6ddc450892bb5f3c15b55a72ca3b66
2026/08/24 09:30:51 [24992] cd+++++++++ .git/objects/38/
2026/08/24 09:30:51 [24992] <f+++++++++ .git/objects/38/037bea655bf298d25039e053b40a4806bb2c35
2026/08/24 09:30:51 [24992] cd+++++++++ .git/objects/39/
2026/08/24 09:30:51 [24992] <f+++++++++ .git/objects/39/0747dc0a9a0ff9d1cbe601aa0669d996e52e5e
2026/08/24 09:30:51 [24992] <f+++++++++ .git/objects/39/ae9207af9757f93b8413bf4f0ccece3a0b171e
2026/08/24 09:30:51 [24992] cd+++++++++ .git/objects/3a/
2026/08/24 09:30:51 [24992] <f+++++++++ .git/objects/3a/53dc600a6b4d3ac8438dc564f3d7d4d12298d0
2026/08/24 09:30:51 [24992] cd+++++++++ .git/objects/3b/
2026/08/24 09:30:51 [24992] <f+++++++++ .git/objects/3b/b52bd3dfdff690c3e68cfad9e76c05e6139c9f
2026/08/24 09:30:51 [24992] cd+++++++++ .git/objects/3c/
2026/08/24 09:30:51 [24992] <f+++++++++ .git/objects/3c/b4aa921beb4351bf1a44799b801131033510d2
2026/08/24 09:30:51 [24992] cd+++++++++ .git/objects/3d/
2026/08/24 09:30:51 [24992] <f+++++++++ .git/objects/3d/4fed300f79ec7b2292fcd1b78e643c74f85192
2026/08/24 09:30:51 [24992] <f+++++++++ .git/objects/3d/6aedc5e7b0f4c0e436b02bc3b6b9c1aa0b5b6c
2026/08/24 09:30:51 [24992] <f+++++++++ .git/objects/3d/ce0a7705da571bfff02aae86fcf4de0fbe7255
2026/08/24 09:30:51 [24992] cd+++++++++ .git/objects/3e/
2026/08/24 09:30:51 [24992] <f+++++++++ .git/objects/3e/0213c2fa85ed460acef6e9f3b138e4115cfc59
2026/08/24 09:30:51 [24992] <f+++++++++ .git/objects/3e/0e813ca71dbbf5d2630c4260e8ee5165324118
2026/08/24 09:30:51 [24992] <f+++++++++ .git/objects/3e/4f5b6018fd97b421ff67e66a94d7bb3c8e2b25
2026/08/24 09:30:51 [24992] cd+++++++++ .git/objects/3f/
2026/08/24 09:30:51 [24992] <f+++++++++ .git/objects/3f/2695e74c9d796d2ed09332bdd47fea03b5ec44
2026/08/24 09:30:51 [24992] cd+++++++++ .git/objects/40/
2026/08/24 09:30:51 [24992] <f+++++++++ .git/objects/40/550f50495d1efac0d4eae5ef419df3ff1152a8
2026/08/24 09:30:51 [24992] <f+++++++++ .git/objects/40/645372cf19072e70ed876402e9f7c07bee5065
2026/08/24 09:30:51 [24992] <f+++++++++ .git/objects/40/a71a363e28642fb00c6fe99b5d97a4c78f6904
2026/08/24 09:30:51 [24992] <f+++++++++ .git/objects/40/ec9e880d50031863a901fc2fd910b191c7264e
2026/08/24 09:30:51 [24992] cd+++++++++ .git/objects/41/
2026/08/24 09:30:51 [24992] <f+++++++++ .git/objects/41/7208a5305aa31452f37b1d8e02ec973457bf48
2026/08/24 09:30:51 [24992] <f+++++++++ .git/objects/41/911db293cd7490bda45d788f96dc1ead83d310
2026/08/24 09:30:51 [24992] <f+++++++++ .git/objects/41/9122fbbc8c772c56481f16edbf28c3372127a7
2026/08/24 09:30:51 [24992] cd+++++++++ .git/objects/42/
2026/08/24 09:30:51 [24992] <f+++++++++ .git/objects/42/60312b8c0a30a800fd4e1be78774cb0074cfab
2026/08/24 09:30:51 [24992] <f+++++++++ .git/objects/42/65513e29bb8d7c9876c03965988560619b4ffd
2026/08/24 09:30:51 [24992] <f+++++++++ .git/objects/42/71977a5b4badd6716f5ec2ef1f9d4c5e78846a
2026/08/24 09:30:51 [24992] <f+++++++++ .git/objects/42/745e46a6fcdbff35db1a03f87eee9fb0d82df2
2026/08/24 09:30:51 [24992] <f+++++++++ .git/objects/42/a653438f7e297959e83b0185f49cac5c9b5b3e
2026/08/24 09:30:51 [24992] cd+++++++++ .git/objects/43/
2026/08/24 09:30:51 [24992] <f+++++++++ .git/objects/43/3c68b925e9011fefd5c3b8820bbf0b107c2ff2
2026/08/24 09:30:51 [24992] <f+++++++++ .git/objects/43/9afdc6601457120d916c0ff8f37083f8de2279
2026/08/24 09:30:51 [24992] <f+++++++++ .git/objects/43/f3f4c16b9feda224ac0dee59dab8b03538af73
2026/08/24 09:30:51 [24992] cd+++++++++ .git/objects/44/
2026/08/24 09:30:51 [24992] <f+++++++++ .git/objects/44/d2b08d92bebfbc883b84dd7bb88d217e2c481e
2026/08/24 09:30:51 [24992] cd+++++++++ .git/objects/45/
2026/08/24 09:30:51 [24992] <f+++++++++ .git/objects/45/13e86987d7ba09ff257cf4384e57da06cedf98
2026/08/24 09:30:51 [24992] <f+++++++++ .git/objects/45/4089ab15e7bcf213871e0fa72ebd40ff4a58e1
2026/08/24 09:30:51 [24992] <f+++++++++ .git/objects/45/7c46d52235efdd49ad59f6336095a83342b40d
2026/08/24 09:30:51 [24992] <f+++++++++ .git/objects/45/a407cba35170f374269b37db9b6fc6242bec95
2026/08/24 09:30:51 [24992] <f+++++++++ .git/objects/45/d780849a6ecccbf20489dcfbcc255df2fe7050
2026/08/24 09:30:51 [24992] cd+++++++++ .git/objects/46/
2026/08/24 09:30:51 [24992] <f+++++++++ .git/objects/46/3023df75e294741c32e664413bf4b758a6f2bf
2026/08/24 09:30:51 [24992] <f+++++++++ .git/objects/46/5d2a38b7413ce3f6c855334648a13751717fcf
2026/08/24 09:30:51 [24992] <f+++++++++ .git/objects/46/bdb302c0c0a71e0998bc047ef8fde5e52b9be2
2026/08/24 09:30:51 [24992] cd+++++++++ .git/objects/47/
2026/08/24 09:30:51 [24992] <f+++++++++ .git/objects/47/7d8735e4d3a315959c0f6f36df2a7106b26af7
2026/08/24 09:30:51 [24992] <f+++++++++ .git/objects/47/e2f2b692f93365a75517db3b6cb5a1156a64f2
2026/08/24 09:30:51 [24992] cd+++++++++ .git/objects/48/
2026/08/24 09:30:51 [24992] <f+++++++++ .git/objects/48/3ee0ca0f26f36177471a78eca8b98361e1d2cf
2026/08/24 09:30:51 [24992] <f+++++++++ .git/objects/48/5c657b0ef5f4a4ffbb8061149885758e9b4cea
2026/08/24 09:30:51 [24992] <f+++++++++ .git/objects/48/abdf3b95eaeb5d4e6b092257bcfd27b6d4937a
2026/08/24 09:30:51 [24992] <f+++++++++ .git/objects/48/b950fb1a5d2364bb59c65827b8af9e2a96dd5a
2026/08/24 09:30:51 [24992] <f+++++++++ .git/objects/48/fdcc53187c21fefd613697c141e04dbdc22a29
2026/08/24 09:30:51 [24992] <f+++++++++ .git/objects/48/ffd42be9bd3ed1891f0ad707693443e904a116
2026/08/24 09:30:51 [24992] cd+++++++++ .git/objects/49/
2026/08/24 09:30:51 [24992] <f+++++++++ .git/objects/49/2a223991237ea972400cbcc5fc96176e2a6aff
2026/08/24 09:30:51 [24992] <f+++++++++ .git/objects/49/9690538aff710c8071693c4e4052f6484e8b2b
2026/08/24 09:30:51 [24992] <f+++++++++ .git/objects/49/a384860f6ddba8762831a1ec1d1424f04d87a5
2026/08/24 09:30:51 [24992] <f+++++++++ .git/objects/49/d8c842c8edcf5c0c357c4399f3a9a1b7a8e136
2026/08/24 09:30:51 [24992] <f+++++++++ .git/objects/49/fcde1b8280a5b179ff111cf25601ff88ef4930
2026/08/24 09:30:51 [24992] cd+++++++++ .git/objects/4a/
2026/08/24 09:30:51 [24992] <f+++++++++ .git/objects/4a/0e1fb6b5334ef5653b5884f5a8e89e52729de7
2026/08/24 09:30:51 [24992] <f+++++++++ .git/objects/4a/cbfd4cc435b9c0091f42db8b7756044665b938
2026/08/24 09:30:51 [24992] cd+++++++++ .git/objects/4b/
2026/08/24 09:30:51 [24992] <f+++++++++ .git/objects/4b/04eb2d8bcf86c897e970fe8a90080d7c327686
2026/08/24 09:30:51 [24992] <f+++++++++ .git/objects/4b/336a029110d1584be4e9a4535d455ee6e58d7c
2026/08/24 09:30:51 [24992] <f+++++++++ .git/objects/4b/5e900320c24717f1f4e76d9d21d8551145d87e
2026/08/24 09:30:51 [24992] <f+++++++++ .git/objects/4b/79035da53671a84aec139e597396185ede6920
2026/08/24 09:30:51 [24992] <f+++++++++ .git/objects/4b/7ccd59f3523997a35b53342741c2c3f1c9ef45
2026/08/24 09:30:51 [24992] <f+++++++++ .git/objects/4b/889af1321c2f45a18a20c9622510f5de50fb1c
2026/08/24 09:30:51 [24992] <f+++++++++ .git/objects/4b/c379ef9a13694c533935dba44deaea2a272b86
2026/08/24 09:30:51 [24992] cd+++++++++ .git/objects/4c/
2026/08/24 09:30:51 [24992] <f+++++++++ .git/objects/4c/37f14a5c9a77c1de5e79aec917fedaf0edb64d
2026/08/24 09:30:51 [24992] <f+++++++++ .git/objects/4c/5e807535a5a869a354db4057990ddadafd0769
2026/08/24 09:30:51 [24992] <f+++++++++ .git/objects/4c/8d7bd6caa87d51e54f5d16f8cf5892bc77fb7e
2026/08/24 09:30:51 [24992] <f+++++++++ .git/objects/4c/f37c75b53bd707fa3ef8ecf2fad6dae17adcc3
2026/08/24 09:30:51 [24992] cd+++++++++ .git/objects/4d/
2026/08/24 09:30:51 [24992] <f+++++++++ .git/objects/4d/230e224879f0d33a9689c374eb04b818d6e9bb
2026/08/24 09:30:51 [24992] <f+++++++++ .git/objects/4d/9fb3b561246aa89606c1b8338fb0adcb87ddc7
2026/08/24 09:30:51 [24992] <f+++++++++ .git/objects/4d/f98c0718a07e3f434811b3d4a86b44ef88e44a
2026/08/24 09:30:51 [24992] <f+++++++++ .git/objects/4d/fd575497c8ab273111ca6e1b1fed6ebc13d200
2026/08/24 09:30:51 [24992] cd+++++++++ .git/objects/4e/
2026/08/24 09:30:51 [24992] <f+++++++++ .git/objects/4e/11f374a01d9092551ac684d2720df16c5f4af3
2026/08/24 09:30:51 [24992] <f+++++++++ .git/objects/4e/14a8417dac6aefac84ae0a972adc959d272d67
2026/08/24 09:30:51 [24992] <f+++++++++ .git/objects/4e/27d8776749d08ab2e6ce29b641978bab8c9bd9
2026/08/24 09:30:51 [24992] <f+++++++++ .git/objects/4e/d026021f4bc8f92f61f904e11c4ccfad3ffffc
2026/08/24 09:30:51 [24992] cd+++++++++ .git/objects/4f/
2026/08/24 09:30:51 [24992] <f+++++++++ .git/objects/4f/1aa1cbbb2e996ea1d860c47636f2370fca1e51
2026/08/24 09:30:51 [24992] <f+++++++++ .git/objects/4f/6ee551bfeb819c73429085f405ca326828b17c
2026/08/24 09:30:51 [24992] <f+++++++++ .git/objects/4f/fa8e086d15f7ef48d5545d04bd377bfe530c51
2026/08/24 09:30:51 [24992] cd+++++++++ .git/objects/50/
2026/08/24 09:30:51 [24992] <f+++++++++ .git/objects/50/1438dedf28783d484d643fe4a906f6750f4f8c
2026/08/24 09:30:51 [24992] <f+++++++++ .git/objects/50/aa036eca87179f292defa56da682dd774ed866
2026/08/24 09:30:51 [24992] <f+++++++++ .git/objects/50/c78455dedf2baecf743e719a0ce1d4907e9094
2026/08/24 09:30:51 [24992] <f+++++++++ .git/objects/50/e6254be124c2d13a2749a10bde4f7bfba635ea
2026/08/24 09:30:51 [24992] cd+++++++++ .git/objects/51/
2026/08/24 09:30:51 [24992] <f+++++++++ .git/objects/51/0cc0853382ce106ec2c84380e8c4c5f7486798
2026/08/24 09:30:51 [24992] <f+++++++++ .git/objects/51/4fd0a1d3fd0d406815b8619d91739e3930278f
2026/08/24 09:30:51 [24992] <f+++++++++ .git/objects/51/9b3ac304d2f0b06aac5b18a716474c5f2022ba
2026/08/24 09:30:51 [24992] <f+++++++++ .git/objects/51/c77c00ebfa3662b0608680bc863335ec1f1867
2026/08/24 09:30:51 [24992] <f+++++++++ .git/objects/51/d2c672119920368e359f29c987a66e989dd631
2026/08/24 09:30:51 [24992] cd+++++++++ .git/objects/52/
2026/08/24 09:30:51 [24992] <f+++++++++ .git/objects/52/0f3045e54566fe50be514c974b157e4f942704
2026/08/24 09:30:51 [24992] <f+++++++++ .git/objects/52/388be71b00e0ae720f2b8ef019361f058fc63c
2026/08/24 09:30:51 [24992] <f+++++++++ .git/objects/52/648d523ffe9029aa1e61ac5ad6c0f87fc8eaff
2026/08/24 09:30:51 [24992] <f+++++++++ .git/objects/52/77ac10e5fd9e9497376be969b9ee57450c0370
2026/08/24 09:30:51 [24992] <f+++++++++ .git/objects/52/93ba32706745369acb06401cc0027ff5f7c253
2026/08/24 09:30:51 [24992] <f+++++++++ .git/objects/52/a6b83d4111ce01c59062245372e9b749fc45c2
2026/08/24 09:30:51 [24992] <f+++++++++ .git/objects/52/acbf2257411614381fee44ab752b0ff3505e6f
2026/08/24 09:30:51 [24992] <f+++++++++ .git/objects/52/f57c4cd60d222056a393feeb6c05f3f71d5302
2026/08/24 09:30:51 [24992] cd+++++++++ .git/objects/53/
2026/08/24 09:30:51 [24992] <f+++++++++ .git/objects/53/093b46d67d86f160e963d14a79e62a86833253
2026/08/24 09:30:51 [24992] <f+++++++++ .git/objects/53/4e47ef95f31e7650dc5e239f3cf540ba57ea56
2026/08/24 09:30:51 [24992] <f+++++++++ .git/objects/53/50883e31135f10ba865d3f610afff95a5174e6
2026/08/24 09:30:51 [24992] <f+++++++++ .git/objects/53/c84a94647ac9db59b43000ef1429f19d1ca571
2026/08/24 09:30:51 [24992] <f+++++++++ .git/objects/53/f0fd0557169f32585b18d86b66472c58aa605c
2026/08/24 09:30:51 [24992] <f+++++++++ .git/objects/53/fd23720026d5cc14ac084971717887a1fa5561
2026/08/24 09:30:51 [24992] cd+++++++++ .git/objects/54/
2026/08/24 09:30:51 [24992] <f+++++++++ .git/objects/54/1c4dc3db3e2f137445c72e3e378926492f0783
2026/08/24 09:30:51 [24992] <f+++++++++ .git/objects/54/3a9ccb469ff52158241be2e835a85d74916f45
2026/08/24 09:30:51 [24992] <f+++++++++ .git/objects/54/506835545001c87ca1e931a7f735113edaffc9
2026/08/24 09:30:51 [24992] <f+++++++++ .git/objects/54/50fd0ebebc24dc488beb9db290b77a8a38f516
2026/08/24 09:30:51 [24992] <f+++++++++ .git/objects/54/9ae5b159b0eae4c5d40e6cb68cafc22c429223
2026/08/24 09:30:51 [24992] <f+++++++++ .git/objects/54/bb510f68a1af54278d9eacfb494405cc3be57f
2026/08/24 09:30:51 [24992] cd+++++++++ .git/objects/55/
2026/08/24 09:30:51 [24992] <f+++++++++ .git/objects/55/1f29f4fcb142b42879cb67cd38d373ab23c8c4
2026/08/24 09:30:51 [24992] <f+++++++++ .git/objects/55/b02f644bd8cfe9a1938fb8485feba896d6cfe5
2026/08/24 09:30:51 [24992] <f+++++++++ .git/objects/55/bb397975ecd4f2da4d5b900afc10d05c9a7e7f
2026/08/24 09:30:51 [24992] cd+++++++++ .git/objects/56/
2026/08/24 09:30:51 [24992] <f+++++++++ .git/objects/56/243d65896b4bb166281e99e8167a279f9f328e
2026/08/24 09:30:51 [24992] <f+++++++++ .git/objects/56/4e01819605e444bce3e8c38ebfc6a239f14895
2026/08/24 09:30:51 [24992] cd+++++++++ .git/objects/57/
2026/08/24 09:30:51 [24992] <f+++++++++ .git/objects/57/3541ac9702dd3969c9bc859d2b91ec1f7e6e56
2026/08/24 09:30:51 [24992] <f+++++++++ .git/objects/57/3bdfc699ef94a2a05d850a9ccbafcd085c0bd5
2026/08/24 09:30:51 [24992] <f+++++++++ .git/objects/57/5dfc4d8815d474148bc5e968f8db398592a4bb
2026/08/24 09:30:51 [24992] <f+++++++++ .git/objects/57/b4b702b3ecc503fea1501ebc438c12e7ccbacc
2026/08/24 09:30:51 [24992] cd+++++++++ .git/objects/58/
2026/08/24 09:30:51 [24992] <f+++++++++ .git/objects/58/03d1034b7f8fd30b97ae41553914caf161bbc9
2026/08/24 09:30:51 [24992] <f+++++++++ .git/objects/58/9a75f13be46146a99f1f40c152c0aca21e6233
2026/08/24 09:30:51 [24992] <f+++++++++ .git/objects/58/9e4c5e88ed644bc3aa88564a8308a7c8e4cb70
2026/08/24 09:30:51 [24992] <f+++++++++ .git/objects/58/c130778e84fb1b1dbd8a5f585edf76be63940c
2026/08/24 09:30:51 [24992] cd+++++++++ .git/objects/59/
2026/08/24 09:30:51 [24992] <f+++++++++ .git/objects/59/4712b28780cc33f59f7235b7e4c602fa43c57e
2026/08/24 09:30:51 [24992] <f+++++++++ .git/objects/59/4c6308a3bf4e25dcd3edf7dc02fa3bef023127
2026/08/24 09:30:51 [24992] <f+++++++++ .git/objects/59/92eb23586fc107672fac1d1f73d36d91b87fa4
2026/08/24 09:30:51 [24992] cd+++++++++ .git/objects/5a/
2026/08/24 09:30:51 [24992] <f+++++++++ .git/objects/5a/766b8268b0476d8a98b23f84e47621c175f9de
2026/08/24 09:30:51 [24992] <f+++++++++ .git/objects/5a/e0f0c8cac70dfe8b45c209bfedfd5f483d961b
2026/08/24 09:30:51 [24992] cd+++++++++ .git/objects/5b/
2026/08/24 09:30:51 [24992] <f+++++++++ .git/objects/5b/180f6880444f7a91c1eef03ecfc5f3113c9cba
2026/08/24 09:30:51 [24992] <f+++++++++ .git/objects/5b/379fc7627a1f81482f244c3ecf96e2188cff80
2026/08/24 09:30:51 [24992] <f+++++++++ .git/objects/5b/438a80acb96a442f014f6743fd522620c7aa24
2026/08/24 09:30:51 [24992] <f+++++++++ .git/objects/5b/5b95a98c365c8bf8a5d0df4a2b8d9a9a693be8
2026/08/24 09:30:51 [24992] <f+++++++++ .git/objects/5b/7e7580e1a4d238b7a096f225771fae3d6ddeb1
2026/08/24 09:30:51 [24992] <f+++++++++ .git/objects/5b/f4fb0210db4e1264eceef9d0b7cc662b4e106d
2026/08/24 09:30:51 [24992] cd+++++++++ .git/objects/5d/
2026/08/24 09:30:51 [24992] <f+++++++++ .git/objects/5d/c3d3ccca4339952785b9dc17712eee045d703b
2026/08/24 09:30:51 [24992] <f+++++++++ .git/objects/5d/d31abfc65a0cf1730b99729dfa6fe6aca5d5d6
2026/08/24 09:30:51 [24992] cd+++++++++ .git/objects/5e/
2026/08/24 09:30:51 [24992] <f+++++++++ .git/objects/5e/c9c72761be2f24990a378f75963f6aecec4082
2026/08/24 09:30:51 [24992] cd+++++++++ .git/objects/5f/
2026/08/24 09:30:51 [24992] <f+++++++++ .git/objects/5f/41224ea8f52568df5348dcd588b06bc168bd75
2026/08/24 09:30:51 [24992] <f+++++++++ .git/objects/5f/8e52f0df80ae82803ef0b5303da4fee5c639d1
2026/08/24 09:30:51 [24992] <f+++++++++ .git/objects/5f/910e11fabf2ffe5d98ae7026c75142261d18a2
2026/08/24 09:30:51 [24992] <f+++++++++ .git/objects/5f/9c65abde6287d728cabbf939bbfe43b7f476fc
2026/08/24 09:30:51 [24992] <f+++++++++ .git/objects/5f/f839befc868644f297fa41a697b79b4bdeaeff
2026/08/24 09:30:51 [24992] cd+++++++++ .git/objects/60/
2026/08/24 09:30:51 [24992] <f+++++++++ .git/objects/60/831978e4bf663ab05058631531f2a422b541d6
2026/08/24 09:30:51 [24992] <f+++++++++ .git/objects/60/89d6876be65675b69cdc9408f58f88240c99fb
2026/08/24 09:30:51 [24992] <f+++++++++ .git/objects/60/c48d0422a2226af8170629df8dd781f340a04d
2026/08/24 09:30:51 [24992] <f+++++++++ .git/objects/60/e2a4c9dcf655fa421b195ccacf3e1b1f89c100
2026/08/24 09:30:51 [24992] cd+++++++++ .git/objects/61/
2026/08/24 09:30:51 [24992] <f+++++++++ .git/objects/61/088e3dcb1841e30f33f77c052def18852ebb67
2026/08/24 09:30:51 [24992] <f+++++++++ .git/objects/61/1bfa8c916eeb3ba2a40ab4789e135a5975a6c2
2026/08/24 09:30:51 [24992] <f+++++++++ .git/objects/61/3658afbe5290b5bbf15ed55bc76d47b6468dbe
2026/08/24 09:30:51 [24992] <f+++++++++ .git/objects/61/79c592acb52c90c105511e0849f208944a91ed
2026/08/24 09:30:51 [24992] <f+++++++++ .git/objects/61/87f30b1834a339f15e733935286c9a3c4719fa
2026/08/24 09:30:51 [24992] cd+++++++++ .git/objects/62/
2026/08/24 09:30:51 [24992] <f+++++++++ .git/objects/62/0bc5181c67d4a88cc4e3621b0992220d1415ac
2026/08/24 09:30:51 [24992] <f+++++++++ .git/objects/62/10534f9d8e29303589078037862ee1d22b70b6
2026/08/24 09:30:51 [24992] <f+++++++++ .git/objects/62/9875bf3f445270f6fc4d32725eb47621b5da04
2026/08/24 09:30:51 [24992] <f+++++++++ .git/objects/62/adf19bd630931cc00483a01faa3c6a9b798fcd
2026/08/24 09:30:51 [24992] cd+++++++++ .git/objects/63/
2026/08/24 09:30:51 [24992] <f+++++++++ .git/objects/63/61b137e610161e8e029597b4fe2b372eed8373
2026/08/24 09:30:51 [24992] <f+++++++++ .git/objects/63/9d422cd86dc8e4d04d409524815502fd09b48d
2026/08/24 09:30:51 [24992] <f+++++++++ .git/objects/63/bc78de13bf1d717c3dd8e1ab7d19e525625aa1
2026/08/24 09:30:51 [24992] cd+++++++++ .git/objects/64/
2026/08/24 09:30:51 [24992] <f+++++++++ .git/objects/64/02dce1787b3e4c262c42b2a70ada98b9b5b978
2026/08/24 09:30:51 [24992] <f+++++++++ .git/objects/64/124555c333cabf62b045bb8f237af595337233
2026/08/24 09:30:51 [24992] <f+++++++++ .git/objects/64/1a16f1c84f56a0d4f1fab87eccf06248d7479b
2026/08/24 09:30:51 [24992] <f+++++++++ .git/objects/64/23ba04ee8d9b59a5728525148f0576fd39bb65
2026/08/24 09:30:51 [24992] <f+++++++++ .git/objects/64/382bb76011868cf76c3f3b45c7103a9ca02d77
2026/08/24 09:30:51 [24992] <f+++++++++ .git/objects/64/678bf3fb49f084b71058e956a7fd96ea5b9f70
2026/08/24 09:30:51 [24992] <f+++++++++ .git/objects/64/afde880baaea8e343ab7046ae820878f10ea98
2026/08/24 09:30:51 [24992] <f+++++++++ .git/objects/64/c288af467dd94618a64b07937d0f095989e708
2026/08/24 09:30:51 [24992] <f+++++++++ .git/objects/64/efaee12a7e343aa90260733310e0d2049a9090
2026/08/24 09:30:51 [24992] <f+++++++++ .git/objects/64/fccb2ec315b353b4cac06c020b16dd9b38ab24
2026/08/24 09:30:51 [24992] cd+++++++++ .git/objects/65/
2026/08/24 09:30:51 [24992] <f+++++++++ .git/objects/65/65ca9238cc7efa3d8752051fa64fe88e006b78
2026/08/24 09:30:51 [24992] <f+++++++++ .git/objects/65/d00b1a7fc8ab65d28ebe349d8c7ce0a04fcaac
2026/08/24 09:30:51 [24992] <f+++++++++ .git/objects/65/fdf90ca27290d06f8b586a2c1952371ba8e926
2026/08/24 09:30:51 [24992] cd+++++++++ .git/objects/66/
2026/08/24 09:30:51 [24992] <f+++++++++ .git/objects/66/8c01d8011e2b42e0ebc9ae4d7f89b5a780ab92
2026/08/24 09:30:51 [24992] <f+++++++++ .git/objects/66/9ce160a1b2bd610050ea78cc0e3aa7a93576c9
2026/08/24 09:30:51 [24992] cd+++++++++ .git/objects/67/
2026/08/24 09:30:51 [24992] <f+++++++++ .git/objects/67/9612c2cf072d3639072b56f6aba93c1d3b82bd
2026/08/24 09:30:51 [24992] cd+++++++++ .git/objects/68/
2026/08/24 09:30:51 [24992] <f+++++++++ .git/objects/68/5e26ea622045b4a168d1728bace91e03fd2e27
2026/08/24 09:30:51 [24992] cd+++++++++ .git/objects/69/
2026/08/24 09:30:51 [24992] <f+++++++++ .git/objects/69/00ee37cb17fe7ce9a26f3b69d2be04bc90d6b8
2026/08/24 09:30:51 [24992] <f+++++++++ .git/objects/69/1fa6dc46d825e8f291f5dfe5ba1edc135ef294
2026/08/24 09:30:51 [24992] <f+++++++++ .git/objects/69/5f5950cbac910454e085e8259ef34525a5f0fc
2026/08/24 09:30:51 [24992] <f+++++++++ .git/objects/69/b3b37733264fbc68388d4152e4343eb8a2ed73
2026/08/24 09:30:51 [24992] cd+++++++++ .git/objects/6a/
2026/08/24 09:30:51 [24992] <f+++++++++ .git/objects/6a/241ae995992363c75e3349c6cbe424534ba90c
2026/08/24 09:30:51 [24992] <f+++++++++ .git/objects/6a/399b9b3009e3a061eb466d52d2529e02513247
2026/08/24 09:30:51 [24992] <f+++++++++ .git/objects/6a/5ffb794e03ca8b3e9d81b9611217ba274672cf
2026/08/24 09:30:51 [24992] <f+++++++++ .git/objects/6a/8ce96e83409a0d1401d75be05bab11f9994694
2026/08/24 09:30:51 [24992] <f+++++++++ .git/objects/6a/f6617f240d7c62eb6216ede7731f733c8629ef
2026/08/24 09:30:51 [24992] cd+++++++++ .git/objects/6b/
2026/08/24 09:30:51 [24992] <f+++++++++ .git/objects/6b/b26e0a5d6e9b902049890c6bcd1e963b370796
2026/08/24 09:30:51 [24992] <f+++++++++ .git/objects/6b/c31f056f12b359644726e24fe30b0f4890ff93
2026/08/24 09:30:51 [24992] <f+++++++++ .git/objects/6b/cbbcd7ad94b8f419471f70679cadcbdd6c4ff5
2026/08/24 09:30:51 [24992] cd+++++++++ .git/objects/6c/
2026/08/24 09:30:51 [24992] <f+++++++++ .git/objects/6c/5b349c46e015d66b578f2e7ef13c40272bb4b4
2026/08/24 09:30:51 [24992] <f+++++++++ .git/objects/6c/5c008d01e761190e56b98ec1cd4a77e2f43065
2026/08/24 09:30:51 [24992] <f+++++++++ .git/objects/6c/710951604f1e8f39b68f2c703912517daa030b
2026/08/24 09:30:51 [24992] <f+++++++++ .git/objects/6c/e8103cf2204a1747a6472615fbb7784484fef6
2026/08/24 09:30:51 [24992] <f+++++++++ .git/objects/6c/ef02443f9416f4d0f79668f7352ba5163d5fb5
2026/08/24 09:30:51 [24992] cd+++++++++ .git/objects/6d/
2026/08/24 09:30:51 [24992] <f+++++++++ .git/objects/6d/73ae0bc38afd19c2923c2b3067180a36461ae0
2026/08/24 09:30:51 [24992] <f+++++++++ .git/objects/6d/8a7014b970418446d546ffbc39b445c70a3706
2026/08/24 09:30:51 [24992] <f+++++++++ .git/objects/6d/8f372c495669c8a1faedc7da7edbba0ad71c92
2026/08/24 09:30:51 [24992] <f+++++++++ .git/objects/6d/f0b529a0c6782db28089b95fb75ffc993622f2
2026/08/24 09:30:51 [24992] cd+++++++++ .git/objects/6e/
2026/08/24 09:30:51 [24992] <f+++++++++ .git/objects/6e/20473e2a5880893634ef4f70d86137582ff049
2026/08/24 09:30:51 [24992] cd+++++++++ .git/objects/6f/
2026/08/24 09:30:51 [24992] <f+++++++++ .git/objects/6f/4124d1ad18b1fa4af6c1bb4badfce8bef6269d
2026/08/24 09:30:51 [24992] <f+++++++++ .git/objects/6f/7121743e2d2a811522d18e668f8b9254ca51b4
2026/08/24 09:30:51 [24992] <f+++++++++ .git/objects/6f/815d18a5e1bc1fddcf2b168c14fdf0c9bc668d
2026/08/24 09:30:51 [24992] <f+++++++++ .git/objects/6f/c6c741a3b42583164d8ce82a0b164218784443
2026/08/24 09:30:51 [24992] <f+++++++++ .git/objects/6f/d19521f5e2e344c3a990a81b0a3d58b872149e
2026/08/24 09:30:51 [24992] <f+++++++++ .git/objects/6f/e1310dd11be15e573212e68b3d56d5d71e1542
2026/08/24 09:30:51 [24992] <f+++++++++ .git/objects/6f/e14e77f7360d0960657eaf88fa7c0215785474
2026/08/24 09:30:51 [24992] cd+++++++++ .git/objects/70/
2026/08/24 09:30:51 [24992] <f+++++++++ .git/objects/70/52e247bf0ff1d31f9bc8612ead3cd2997af7b8
2026/08/24 09:30:51 [24992] <f+++++++++ .git/objects/70/7f777bdcfcfc889591e8b17b7c5b97eb24292f
2026/08/24 09:30:51 [24992] <f+++++++++ .git/objects/70/aea177dc2e45f56733b266e9957eb09135611e
2026/08/24 09:30:51 [24992] cd+++++++++ .git/objects/71/
2026/08/24 09:30:51 [24992] <f+++++++++ .git/objects/71/752b52a98c9f5a3d25b365df8650f275e94465
2026/08/24 09:30:51 [24992] cd+++++++++ .git/objects/72/
2026/08/24 09:30:51 [24992] <f+++++++++ .git/objects/72/2f98a32ab3a0e096390d74e859a78fecc4b0de
2026/08/24 09:30:51 [24992] <f+++++++++ .git/objects/72/4ef2bf120c91c4ba18b10aae76e13ff01e06ea
2026/08/24 09:30:51 [24992] <f+++++++++ .git/objects/72/7d5cdb5bcdeeda8a704c0abeb5e119bc5911f5
2026/08/24 09:30:51 [24992] <f+++++++++ .git/objects/72/9c366611da5dae90f07c30b393aa46370130db
2026/08/24 09:30:51 [24992] <f+++++++++ .git/objects/72/b002843747b904d4da7dfbd3532d80b88a55b7
2026/08/24 09:30:51 [24992] <f+++++++++ .git/objects/72/ed2677016c9d9068418770de16f8262c4623e4
2026/08/24 09:30:51 [24992] cd+++++++++ .git/objects/73/
2026/08/24 09:30:51 [24992] <f+++++++++ .git/objects/73/2991995586a6186dc9c4676fcda2326da9d78c
2026/08/24 09:30:51 [24992] <f+++++++++ .git/objects/73/415fdbd1cb447c29e40f57a9bcb32feb17c9c8
2026/08/24 09:30:51 [24992] <f+++++++++ .git/objects/73/f2155a5285c2850a399b4ec1584073ad124313
2026/08/24 09:30:51 [24992] cd+++++++++ .git/objects/74/
2026/08/24 09:30:51 [24992] <f+++++++++ .git/objects/74/a227b8face6370a06f38434f853866e0131d3e
2026/08/24 09:30:51 [24992] <f+++++++++ .git/objects/74/abff0ea4941479d732771aae2aa543eb70393a
2026/08/24 09:30:51 [24992] <f+++++++++ .git/objects/74/cb8826854684b73b4fa45b1292044304d18fe8
2026/08/24 09:30:51 [24992] cd+++++++++ .git/objects/75/
2026/08/24 09:30:51 [24992] <f+++++++++ .git/objects/75/293eaa0ba222e693daf0e8e076c544980f530d
2026/08/24 09:30:51 [24992] <f+++++++++ .git/objects/75/a5fa11f35440ae6c10d6df3359151922d7565b
2026/08/24 09:30:51 [24992] <f+++++++++ .git/objects/75/d573023372a6acc4c0f542e1409675db1bc637
2026/08/24 09:30:51 [24992] <f+++++++++ .git/objects/75/df44fc04427901d697c3ee05fab08ddcab79a8
2026/08/24 09:30:51 [24992] cd+++++++++ .git/objects/76/
2026/08/24 09:30:51 [24992] <f+++++++++ .git/objects/76/514eba28fe20279bef4118e955a2e34ed7eecb
2026/08/24 09:30:51 [24992] <f+++++++++ .git/objects/76/ac2330cd185180b961c682bb6222c640f977f8
2026/08/24 09:30:51 [24992] <f+++++++++ .git/objects/76/d29269af35db064bcb20a21cb69929f85a2153
2026/08/24 09:30:51 [24992] cd+++++++++ .git/objects/77/
2026/08/24 09:30:51 [24992] <f+++++++++ .git/objects/77/12524f7ae790dc0168592bbffaf934455d3641
2026/08/24 09:30:51 [24992] cd+++++++++ .git/objects/78/
2026/08/24 09:30:51 [24992] <f+++++++++ .git/objects/78/5e5af8d99bb81867f5c9929ed0a8599aaeb3a2
2026/08/24 09:30:51 [24992] <f+++++++++ .git/objects/78/75493dd50305f5aa1ba479b9d57a17a7a2ee0f
2026/08/24 09:30:51 [24992] <f+++++++++ .git/objects/78/bb97b9be55011e4df75513142482df972981c6
2026/08/24 09:30:51 [24992] <f+++++++++ .git/objects/78/e8593df8e3ff518f090eaabc8b777f1cbb3043
2026/08/24 09:30:51 [24992] cd+++++++++ .git/objects/79/
2026/08/24 09:30:51 [24992] <f+++++++++ .git/objects/79/10df5553ceccaec48d5bc65f2af78ba9c6e3e0
2026/08/24 09:30:51 [24992] <f+++++++++ .git/objects/79/43daca2b6d190ddb63c951fbfea7176798916b
2026/08/24 09:30:51 [24992] <f+++++++++ .git/objects/79/7e13591b3f7e634a33e9e0284d298399f99616
2026/08/24 09:30:51 [24992] <f+++++++++ .git/objects/79/a624a97098532ec5014590ce38f43094543f55
2026/08/24 09:30:51 [24992] <f+++++++++ .git/objects/79/f5339fe8b6993f5dc3b6e388cf01801f320844
2026/08/24 09:30:51 [24992] cd+++++++++ .git/objects/7a/
2026/08/24 09:30:51 [24992] <f+++++++++ .git/objects/7a/1ef215641b1c243b7c502158a0d3cb6a8a58ef
2026/08/24 09:30:51 [24992] <f+++++++++ .git/objects/7a/7aab6c678250290f40d60f7f5e304136b983d5
2026/08/24 09:30:51 [24992] <f+++++++++ .git/objects/7a/a3f8661ee4d700b86efccef7d44d57f1dcbf88
2026/08/24 09:30:51 [24992] <f+++++++++ .git/objects/7a/bbbe7ab6666d3e2706993db0ea3cb6d31c32fc
2026/08/24 09:30:51 [24992] cd+++++++++ .git/objects/7b/
2026/08/24 09:30:51 [24992] <f+++++++++ .git/objects/7b/2f6309a26c5e0c1d903c6a48cbce4a91748f7e
2026/08/24 09:30:51 [24992] <f+++++++++ .git/objects/7b/350794cff0bba95ecd823e7c060b1ec3fac30f
2026/08/24 09:30:51 [24992] <f+++++++++ .git/objects/7b/5c739e0831e532d8cec569dc59b619002072c2
2026/08/24 09:30:51 [24992] <f+++++++++ .git/objects/7b/fdb7e4281941104edcaa9749ba680018567f2c
2026/08/24 09:30:51 [24992] cd+++++++++ .git/objects/7c/
2026/08/24 09:30:51 [24992] <f+++++++++ .git/objects/7c/1abd8242d18500d0bc9b1eea73bd7d916cee55
2026/08/24 09:30:51 [24992] <f+++++++++ .git/objects/7c/70b952420eefd21af662d2a2cedf63be72a56f
2026/08/24 09:30:51 [24992] <f+++++++++ .git/objects/7c/c735c0bcd7fa97fdaf40806f0f427af400b0e7
2026/08/24 09:30:51 [24992] cd+++++++++ .git/objects/7d/
2026/08/24 09:30:51 [24992] <f+++++++++ .git/objects/7d/533e36ab8770cff21edc8688fbdde69f481376
2026/08/24 09:30:51 [24992] <f+++++++++ .git/objects/7d/8963390323c0c2651ea5ffbd763af1eba361a9
2026/08/24 09:30:51 [24992] <f+++++++++ .git/objects/7d/bdc92ccfbd6fa873f3dec5408a548af0bfa58e
2026/08/24 09:30:51 [24992] <f+++++++++ .git/objects/7d/c0364bf492466f9ca9a733d2be1ef7efa7a2ec
2026/08/24 09:30:51 [24992] <f+++++++++ .git/objects/7d/db559d94304e2a971145c3b184f5924f17b022
2026/08/24 09:30:51 [24992] <f+++++++++ .git/objects/7d/deb086b2d20dbd013900fcd5bc5623cdcc1839
2026/08/24 09:30:51 [24992] <f+++++++++ .git/objects/7d/f61d60e180efcbe2baa0b5774b352d7e0db4ae
2026/08/24 09:30:51 [24992] cd+++++++++ .git/objects/7e/
2026/08/24 09:30:51 [24992] <f+++++++++ .git/objects/7e/345ab3e99c64df416f2be49d8e2f889709e5e0
2026/08/24 09:30:51 [24992] <f+++++++++ .git/objects/7e/62cb1501794d7d5ddb7d2dd912fd1f77bd4b33
2026/08/24 09:30:51 [24992] <f+++++++++ .git/objects/7e/b1829126c2a8b7561c94f1908dfe000f070bee
2026/08/24 09:30:51 [24992] <f+++++++++ .git/objects/7e/c497f3fd800036808ada1f1e49bf4bb51e0cd9
2026/08/24 09:30:51 [24992] <f+++++++++ .git/objects/7e/ed4581acb93fd021ef4885f5dc2faa58039a27
2026/08/24 09:30:51 [24992] cd+++++++++ .git/objects/7f/
2026/08/24 09:30:51 [24992] <f+++++++++ .git/objects/7f/976d08489a7b5fe814934cfd5c39442a7de696
2026/08/24 09:30:51 [24992] <f+++++++++ .git/objects/7f/9a385a2aaec0d930a8c71250cf7ea8f783f8ff
2026/08/24 09:30:51 [24992] <f+++++++++ .git/objects/7f/b6ebc6ad65e89116c320b43eb50e06c7a0cb91
2026/08/24 09:30:51 [24992] cd+++++++++ .git/objects/80/
2026/08/24 09:30:51 [24992] <f+++++++++ .git/objects/80/04df60eb06ea4611d3043197964bdee9f8885f
2026/08/24 09:30:51 [24992] <f+++++++++ .git/objects/80/72cbeeeeb3b066b9be0510ae07b9758a905e80
2026/08/24 09:30:51 [24992] <f+++++++++ .git/objects/80/b7372127147a041f48a8c569346ea4030a7e00
2026/08/24 09:30:51 [24992] <f+++++++++ .git/objects/80/bf38aee4526126986dee5e806459df493e038d
2026/08/24 09:30:51 [24992] <f+++++++++ .git/objects/80/c428e9417e64c6e763d3207e4808aa5688c2d1
2026/08/24 09:30:51 [24992] cd+++++++++ .git/objects/81/
2026/08/24 09:30:51 [24992] <f+++++++++ .git/objects/81/0a3aa91fa9ed254fbb16c3137668291357929c
2026/08/24 09:30:51 [24992] <f+++++++++ .git/objects/81/3401e0b64aeb30556321fa1152c2f605a1f19a
2026/08/24 09:30:51 [24992] <f+++++++++ .git/objects/81/a44ffd0e4a130df8f5f8f2dd2d297f83fddbb1
2026/08/24 09:30:51 [24992] <f+++++++++ .git/objects/81/dec103760989fb07b172d3f20620f07e0d8143
2026/08/24 09:30:51 [24992] cd+++++++++ .git/objects/82/
2026/08/24 09:30:51 [24992] <f+++++++++ .git/objects/82/08ae12938a5ae9ff0bff42b325284969573c48
2026/08/24 09:30:51 [24992] cd+++++++++ .git/objects/83/
2026/08/24 09:30:51 [24992] <f+++++++++ .git/objects/83/1f77e7ed83e9898a6bd8943069a8d654f3473d
2026/08/24 09:30:51 [24992] <f+++++++++ .git/objects/83/518197f5c3ba47a5dff14f9dceb371f0c118f9
2026/08/24 09:30:51 [24992] <f+++++++++ .git/objects/83/ae577e511dd81638f8de1080b71399cc551561
2026/08/24 09:30:51 [24992] <f+++++++++ .git/objects/83/c8075a5618abc0a948b2993206ae4e85e40832
2026/08/24 09:30:51 [24992] <f+++++++++ .git/objects/83/ecf83e823882f717ffa632260eda098ece7435
2026/08/24 09:30:51 [24992] cd+++++++++ .git/objects/84/
2026/08/24 09:30:51 [24992] <f+++++++++ .git/objects/84/d05e6feb05eaa6ea983824334495273aff9cfe
2026/08/24 09:30:51 [24992] <f+++++++++ .git/objects/84/e262aa2946e1d9f9356ea38f5f138e387b2958
2026/08/24 09:30:51 [24992] <f+++++++++ .git/objects/84/ebe15e6f503356299108ae0d574a056e0c6eaa
2026/08/24 09:30:51 [24992] cd+++++++++ .git/objects/85/
2026/08/24 09:30:51 [24992] <f+++++++++ .git/objects/85/0641039f719c275ab1fbab0162d01d25b7986b
2026/08/24 09:30:51 [24992] <f+++++++++ .git/objects/85/0d7be168121ca7df5af628c42a258eebca5037
2026/08/24 09:30:51 [24992] <f+++++++++ .git/objects/85/9bd86ed20ce9e338a9f9c071da06b99c631666
2026/08/24 09:30:51 [24992] cd+++++++++ .git/objects/86/
2026/08/24 09:30:51 [24992] <f+++++++++ .git/objects/86/17b96283694782de7226059487d878ddb7c93f
2026/08/24 09:30:51 [24992] <f+++++++++ .git/objects/86/78312edff4ccaa3d17167da7d9cbb84eb0ea93
2026/08/24 09:30:51 [24992] cd+++++++++ .git/objects/87/
2026/08/24 09:30:51 [24992] <f+++++++++ .git/objects/87/18f3295dfe64783e4e640718eb3cb29c1b00f7
2026/08/24 09:30:51 [24992] <f+++++++++ .git/objects/87/43b153d68a39d7a5e28a0d75110aedcea6b98b
2026/08/24 09:30:51 [24992] cd+++++++++ .git/objects/89/
2026/08/24 09:30:51 [24992] <f+++++++++ .git/objects/89/28c4b8c38e807aca411e45ed27b80c62d342af
2026/08/24 09:30:51 [24992] <f+++++++++ .git/objects/89/7ff566e3c920aa54a9953706465e272043f6fc
2026/08/24 09:30:51 [24992] <f+++++++++ .git/objects/89/aefb9d1b54e9f0f11ec1933b47bb67de7b4fa4
2026/08/24 09:30:51 [24992] <f+++++++++ .git/objects/89/d4cefab4200f2baa3edc1a79e383b00f296db6
2026/08/24 09:30:51 [24992] <f+++++++++ .git/objects/89/debf8e0bdc2f7fd8cdef514a67cbd298c64137
2026/08/24 09:30:51 [24992] <f+++++++++ .git/objects/89/e3c22dd5ee5d4f2157306281fb64a7a180ed20
2026/08/24 09:30:51 [24992] cd+++++++++ .git/objects/8a/
2026/08/24 09:30:51 [24992] <f+++++++++ .git/objects/8a/497423c8d3a8f4c448e3f6f6a6f28a122264d1
2026/08/24 09:30:51 [24992] <f+++++++++ .git/objects/8a/9b400f38f0935057ebf424454b144918b9876a
2026/08/24 09:30:51 [24992] <f+++++++++ .git/objects/8a/cf1eb5e3c939e7b5a97ab98f9e783ac7892d9f
2026/08/24 09:30:51 [24992] <f+++++++++ .git/objects/8a/e1f9a82c2ffe8119f2a1983d66f5262ec8db82
2026/08/24 09:30:51 [24992] cd+++++++++ .git/objects/8b/
2026/08/24 09:30:51 [24992] <f+++++++++ .git/objects/8b/03adb5f28f2da960d00035a68390748e6c9847
2026/08/24 09:30:51 [24992] <f+++++++++ .git/objects/8b/65f2af810f281ce94edea6df1bd193f05981f0
2026/08/24 09:30:51 [24992] <f+++++++++ .git/objects/8b/8f54113b936c3062cefb823b3e510ac10a555a
2026/08/24 09:30:51 [24992] cd+++++++++ .git/objects/8c/
2026/08/24 09:30:51 [24992] <f+++++++++ .git/objects/8c/07a96bfec5435cc6a5a0285a52b534b5fb4017
2026/08/24 09:30:51 [24992] <f+++++++++ .git/objects/8c/b2b2f9a73894bff5ca407313d3b1b76a7d884d
2026/08/24 09:30:51 [24992] <f+++++++++ .git/objects/8c/f57fd235e81efcb67d012f8132f004d5412665
2026/08/24 09:30:51 [24992] cd+++++++++ .git/objects/8d/
2026/08/24 09:30:51 [24992] <f+++++++++ .git/objects/8d/1e1894fa634495a24d4a97c8bded472937d62c
2026/08/24 09:30:51 [24992] <f+++++++++ .git/objects/8d/ec9a16eeab5673d31a7b62635c72984e8debe1
2026/08/24 09:30:51 [24992] <f+++++++++ .git/objects/8d/f2f1cebc2f39355850d7b7bf7e03357ff97c31
2026/08/24 09:30:51 [24992] <f+++++++++ .git/objects/8d/f719543c6318ef98eb8963463a1b06c37c85b1
2026/08/24 09:30:51 [24992] cd+++++++++ .git/objects/8e/
2026/08/24 09:30:51 [24992] <f+++++++++ .git/objects/8e/1b1d6e8e269c04a1368af3e7561baa62633636
2026/08/24 09:30:51 [24992] <f+++++++++ .git/objects/8e/9661f0eba9457066c880a7220b6fc9f9b76d1c
2026/08/24 09:30:52 [24992] cd+++++++++ .git/objects/8f/
2026/08/24 09:30:52 [24992] <f+++++++++ .git/objects/8f/2523b64be114ae19cda2b2a80ce93d1b363262
2026/08/24 09:30:52 [24992] <f+++++++++ .git/objects/8f/a4ac2e629354a16d8098dd476a0f705b891f33
2026/08/24 09:30:52 [24992] <f+++++++++ .git/objects/8f/b65147dc0f4b8552182bf843ec81578acb6755
2026/08/24 09:30:52 [24992] cd+++++++++ .git/objects/90/
2026/08/24 09:30:52 [24992] <f+++++++++ .git/objects/90/7b9902bf65cc49b3752fb7e9c46de3fe6a32f1
2026/08/24 09:30:52 [24992] <f+++++++++ .git/objects/90/b89fadb54158df92c9bde5b71abb5ba1f894d4
2026/08/24 09:30:52 [24992] <f+++++++++ .git/objects/90/fd65d60cb051159b4acfa09badee0062580a29
2026/08/24 09:30:52 [24992] cd+++++++++ .git/objects/91/
2026/08/24 09:30:52 [24992] <f+++++++++ .git/objects/91/445184a66dda14459d1eda4f9bf67a5c6d2ac4
2026/08/24 09:30:52 [24992] <f+++++++++ .git/objects/91/53e659cf167662e046b6fae69088a1952cb08b
2026/08/24 09:30:52 [24992] <f+++++++++ .git/objects/91/73625461516b6e4c781d430e26bc068d3e49e1
2026/08/24 09:30:52 [24992] <f+++++++++ .git/objects/91/9f4111121a8f4eb3778a99b81dca3f00429cd0
2026/08/24 09:30:52 [24992] cd+++++++++ .git/objects/92/
2026/08/24 09:30:52 [24992] <f+++++++++ .git/objects/92/3e6297c36564a0b4c8cccb27405f7fd496321f
2026/08/24 09:30:52 [24992] <f+++++++++ .git/objects/92/9f3fd5a13eeefe3604610a1f671ff0f604d6cc
2026/08/24 09:30:52 [24992] <f+++++++++ .git/objects/92/ae35b307adc9c4e557a2e4dc196cfb0c874027
2026/08/24 09:30:52 [24992] cd+++++++++ .git/objects/93/
2026/08/24 09:30:52 [24992] <f+++++++++ .git/objects/93/1ff30797bac6e8e3d3507ea7ee43212439b559
2026/08/24 09:30:52 [24992] <f+++++++++ .git/objects/93/45729b5a0a82cf724b03bb9ffd944083aa80ce
2026/08/24 09:30:52 [24992] <f+++++++++ .git/objects/93/47c08c7be23eb8f73923a4c35715acbf295280
2026/08/24 09:30:52 [24992] <f+++++++++ .git/objects/93/941961488054028d2bb75ce85c3ecf99fc8906
2026/08/24 09:30:52 [24992] cd+++++++++ .git/objects/95/
2026/08/24 09:30:52 [24992] <f+++++++++ .git/objects/95/2285ab63843bd03baa7208f57ae8211f871b22
2026/08/24 09:30:52 [24992] <f+++++++++ .git/objects/95/5fb71ca27eeb54036d51f7477e530672d95639
2026/08/24 09:30:52 [24992] <f+++++++++ .git/objects/95/a6b07d3cfe89b6429807124aaaaf17d2c23192
2026/08/24 09:30:52 [24992] <f+++++++++ .git/objects/95/e6aa4c05e8f5a036b7ba75b8af302af95044c2
2026/08/24 09:30:52 [24992] cd+++++++++ .git/objects/96/
2026/08/24 09:30:52 [24992] <f+++++++++ .git/objects/96/069795f1dd98126cd90001c6f5042dace4688f
2026/08/24 09:30:52 [24992] <f+++++++++ .git/objects/96/295b3a369b62ef40395bc07967fd0428496a38
2026/08/24 09:30:52 [24992] <f+++++++++ .git/objects/96/3b7de0fa0c71aa71bdd135073e164ad9227af6
2026/08/24 09:30:52 [24992] <f+++++++++ .git/objects/96/79cc0c7b8b9808dc5519d57eb37e6a040d8861
2026/08/24 09:30:52 [24992] <f+++++++++ .git/objects/96/9af0bcf3ccf7b7c7e2dd6d4a8e149068e6d806
2026/08/24 09:30:52 [24992] <f+++++++++ .git/objects/96/aacced5056437abe7932209c0eb8363d31ded1
2026/08/24 09:30:52 [24992] cd+++++++++ .git/objects/97/
2026/08/24 09:30:52 [24992] <f+++++++++ .git/objects/97/0b374a80c15194e08a6c6e02e311d8344ad410
2026/08/24 09:30:52 [24992] <f+++++++++ .git/objects/97/281e0a851930f246d7a9960d24bf34cdfc1595
2026/08/24 09:30:52 [24992] <f+++++++++ .git/objects/97/778f4b97f994a7f0f24742a5b0330b9aa79705
2026/08/24 09:30:52 [24992] <f+++++++++ .git/objects/97/a64584374d95740c7cd2821dd79c2f6e69fd7f
2026/08/24 09:30:52 [24992] <f+++++++++ .git/objects/97/ffdc41ed6ec315cd142ca680d48e5009374cda
2026/08/24 09:30:52 [24992] cd+++++++++ .git/objects/98/
2026/08/24 09:30:52 [24992] <f+++++++++ .git/objects/98/2b95b978f457a4eb531d1851232654c9b91f2c
2026/08/24 09:30:52 [24992] <f+++++++++ .git/objects/98/d1c3893c055c079d1e804cf64f4e6215215f54
2026/08/24 09:30:52 [24992] cd+++++++++ .git/objects/99/
2026/08/24 09:30:52 [24992] <f+++++++++ .git/objects/99/09d4a7a9531aed263aaed1ad3d3fe2744391ac
2026/08/24 09:30:52 [24992] <f+++++++++ .git/objects/99/52e8fccef9d1748366c2f4e3f75cfe417e6f66
2026/08/24 09:30:52 [24992] <f+++++++++ .git/objects/99/fdd3807f6c7bf2478b563bd6469e327032746d
2026/08/24 09:30:52 [24992] cd+++++++++ .git/objects/9a/
2026/08/24 09:30:52 [24992] <f+++++++++ .git/objects/9a/441b5a2e0de3fe25f92af60ad4e9cda489bf2f
2026/08/24 09:30:52 [24992] <f+++++++++ .git/objects/9a/84e62d5c685f2b1ec9d5d60e7c2ed67f969a8e
2026/08/24 09:30:52 [24992] <f+++++++++ .git/objects/9a/96a0591d4a196c73c0fac2b2b07213f5adb244
2026/08/24 09:30:52 [24992] <f+++++++++ .git/objects/9a/ab5eab81b909cccb5b7e3bb1ce78b42fd28638
2026/08/24 09:30:52 [24992] <f+++++++++ .git/objects/9a/b874f22e8595222012c3e565a1423b0da70b11
2026/08/24 09:30:52 [24992] <f+++++++++ .git/objects/9a/bc7cfa179bb0beecc5fc825c7579fbbf7daa54
2026/08/24 09:30:52 [24992] <f+++++++++ .git/objects/9a/c7dca5a032b705c97e9e5b9bdff94eb43c60d1
2026/08/24 09:30:52 [24992] <f+++++++++ .git/objects/9a/e3dbfc1a6b2f6c9dd2e1d675c95c92bcfbfd4d
2026/08/24 09:30:52 [24992] cd+++++++++ .git/objects/9b/
2026/08/24 09:30:52 [24992] <f+++++++++ .git/objects/9b/0aa0d903c73c0eb120cab1ff88695e718307b5
2026/08/24 09:30:52 [24992] <f+++++++++ .git/objects/9b/1efdf39dec319e7b289b047444def56540c65b
2026/08/24 09:30:52 [24992] cd+++++++++ .git/objects/9c/
2026/08/24 09:30:52 [24992] <f+++++++++ .git/objects/9c/2464051787d0b90e77d54ee15ec51480aa38d4
2026/08/24 09:30:52 [24992] <f+++++++++ .git/objects/9c/c6c6dcd1ff0a0d6c99c01c2f3bf5579f1368a4
2026/08/24 09:30:52 [24992] <f+++++++++ .git/objects/9c/e309990da9ca610461ce40cc99efd176cc7a20
2026/08/24 09:30:52 [24992] <f+++++++++ .git/objects/9c/f96fd68126faf1e453d9e1326b9966fbae3617
2026/08/24 09:30:52 [24992] cd+++++++++ .git/objects/9d/
2026/08/24 09:30:52 [24992] <f+++++++++ .git/objects/9d/1b72c8c7be09cfd1b9a49d1b40d968f550e7c3
2026/08/24 09:30:52 [24992] <f+++++++++ .git/objects/9d/1c3655a46b5d43bdac3779387b082bf93ce49d
2026/08/24 09:30:52 [24992] <f+++++++++ .git/objects/9d/7e1f4ccb26c071d7ed30905f26350c5ec53443
2026/08/24 09:30:52 [24992] <f+++++++++ .git/objects/9d/8bcb9e10d5b01ce2341a9e09b1c95e48da3232
2026/08/24 09:30:52 [24992] <f+++++++++ .git/objects/9d/c691bd7a12d56b277f284bb1affa7b46259932
2026/08/24 09:30:52 [24992] cd+++++++++ .git/objects/9e/
2026/08/24 09:30:52 [24992] <f+++++++++ .git/objects/9e/61c689a278037821d844639c28c21e12213e98
2026/08/24 09:30:52 [24992] <f+++++++++ .git/objects/9e/9436ec7f9bbbe8a88781f14084fde9ffa4219c
2026/08/24 09:30:52 [24992] <f+++++++++ .git/objects/9e/ac5903802a203488ab1a0a81f60b80e4b350a9
2026/08/24 09:30:52 [24992] <f+++++++++ .git/objects/9e/af08d9650260e58841073c72daaf3e5bcb2dba
2026/08/24 09:30:52 [24992] cd+++++++++ .git/objects/9f/
2026/08/24 09:30:52 [24992] <f+++++++++ .git/objects/9f/5890c3ec99ec4c53c6d9ac40a8380a1f9bf68d
2026/08/24 09:30:52 [24992] cd+++++++++ .git/objects/a0/
2026/08/24 09:30:52 [24992] <f+++++++++ .git/objects/a0/3008b2d3310ccc5b1d605c46e8b3bcdf5096f5
2026/08/24 09:30:52 [24992] <f+++++++++ .git/objects/a0/97b5fd317d74a9cfff155879eb80b318e4ed84
2026/08/24 09:30:52 [24992] <f+++++++++ .git/objects/a0/e64c780b71707e7a264e19c9e105cc4a31501e
2026/08/24 09:30:52 [24992] cd+++++++++ .git/objects/a1/
2026/08/24 09:30:52 [24992] <f+++++++++ .git/objects/a1/1033dfe33a5a2f041bb72c3555c1905a227680
2026/08/24 09:30:52 [24992] <f+++++++++ .git/objects/a1/a7c16e5a88ba2a2e5e964d30ef4af2ea58177e
2026/08/24 09:30:52 [24992] <f+++++++++ .git/objects/a1/d587706bfa41561fb3b163457256d4d506fcbf
2026/08/24 09:30:52 [24992] cd+++++++++ .git/objects/a2/
2026/08/24 09:30:52 [24992] <f+++++++++ .git/objects/a2/5f313f299e71efde539001d2d7d5fad1a1b4ca
2026/08/24 09:30:52 [24992] <f+++++++++ .git/objects/a2/678be45135287dded18deedd2bb66dfc4bbadb
2026/08/24 09:30:52 [24992] <f+++++++++ .git/objects/a2/b96c186d8208b55e92f0606d1d935cddd564bc
2026/08/24 09:30:52 [24992] <f+++++++++ .git/objects/a2/d6ac629c9b73f04e9053e9f2b3fec1b9fc4e92
2026/08/24 09:30:52 [24992] <f+++++++++ .git/objects/a2/d95bbdf85469be3e93991128228feccbbd2c8f
2026/08/24 09:30:52 [24992] cd+++++++++ .git/objects/a3/
2026/08/24 09:30:52 [24992] <f+++++++++ .git/objects/a3/f1f74037082bc0f0681505704dfda865b4916b
2026/08/24 09:30:52 [24992] cd+++++++++ .git/objects/a4/
2026/08/24 09:30:52 [24992] <f+++++++++ .git/objects/a4/3773ede5a0275fd95a8be977de2fa38610f4b6
2026/08/24 09:30:52 [24992] <f+++++++++ .git/objects/a4/395e344bcab1995a59d7c2ca6c77679acb1d13
2026/08/24 09:30:52 [24992] <f+++++++++ .git/objects/a4/446551fbc9253990bf6821245438125c09b081
2026/08/24 09:30:52 [24992] cd+++++++++ .git/objects/a5/
2026/08/24 09:30:52 [24992] <f+++++++++ .git/objects/a5/18faf684b2105360f74226c9deebc6d83d21cc
2026/08/24 09:30:52 [24992] cd+++++++++ .git/objects/a6/
2026/08/24 09:30:52 [24992] <f+++++++++ .git/objects/a6/1e6d93728dc186d46035d4decaf9984af27515
2026/08/24 09:30:52 [24992] <f+++++++++ .git/objects/a6/60d72531f2eb5688d7825f020062362ffc1ba7
2026/08/24 09:30:52 [24992] <f+++++++++ .git/objects/a6/a6f61374c1936e8749e5971fae6ec037b40f13
2026/08/24 09:30:52 [24992] <f+++++++++ .git/objects/a6/f10623c9ab120e7dcdb76e807c39280c4c44a5
2026/08/24 09:30:52 [24992] cd+++++++++ .git/objects/a7/
2026/08/24 09:30:52 [24992] <f+++++++++ .git/objects/a7/4b4a65d68efe2251e79b0306f168aeef2a3f8d
2026/08/24 09:30:52 [24992] <f+++++++++ .git/objects/a7/a9211d6022d1761e50c661989ae3192bd695ed
2026/08/24 09:30:52 [24992] cd+++++++++ .git/objects/a8/
2026/08/24 09:30:52 [24992] <f+++++++++ .git/objects/a8/4a7c4d2f0ce0e78f11fdde67448ceac34f41f1
2026/08/24 09:30:52 [24992] <f+++++++++ .git/objects/a8/d5f6ae20ff5eea6fa119a67fc9ac4bfaf1b76e
2026/08/24 09:30:52 [24992] cd+++++++++ .git/objects/a9/
2026/08/24 09:30:52 [24992] <f+++++++++ .git/objects/a9/689ccec63c75a952d9a540108455c63aecce45
2026/08/24 09:30:52 [24992] <f+++++++++ .git/objects/a9/acad83b8179910bf8273019779df46f158bdd5
2026/08/24 09:30:52 [24992] <f+++++++++ .git/objects/a9/bed3657c2bed8c8da2252ddc94e89f9bfba554
2026/08/24 09:30:52 [24992] cd+++++++++ .git/objects/aa/
2026/08/24 09:30:52 [24992] <f+++++++++ .git/objects/aa/03fe45abdac09bef03cbd52556ec8ef84c9256
2026/08/24 09:30:52 [24992] <f+++++++++ .git/objects/aa/912c8ea8b34729df898d6e927e77bf624a3dd1
2026/08/24 09:30:52 [24992] <f+++++++++ .git/objects/aa/bb073f9545d8e1c4b1e3fa22ac997fa925fbdb
2026/08/24 09:30:52 [24992] cd+++++++++ .git/objects/ab/
2026/08/24 09:30:52 [24992] <f+++++++++ .git/objects/ab/2244042f01ecba8870e5029fa3f55d00c4c7ad
2026/08/24 09:30:52 [24992] <f+++++++++ .git/objects/ab/6c252b7e54eae83410396ed25ba41de039a163
2026/08/24 09:30:52 [24992] <f+++++++++ .git/objects/ab/7fbb2ffcb96f651f636117b87aee6fe529e377
2026/08/24 09:30:52 [24992] <f+++++++++ .git/objects/ab/893a5d07ecb7ae3fc7c064d07365cb3a147898
2026/08/24 09:30:52 [24992] <f+++++++++ .git/objects/ab/905c61dbad6638da17a4224fc642cfab7b05ba
2026/08/24 09:30:52 [24992] cd+++++++++ .git/objects/ac/
2026/08/24 09:30:52 [24992] <f+++++++++ .git/objects/ac/23b353d8ab58bb432fef6e38059f7214d00a59
2026/08/24 09:30:52 [24992] <f+++++++++ .git/objects/ac/42796708b6297dac4c54cbcb9b26896088d013
2026/08/24 09:30:52 [24992] <f+++++++++ .git/objects/ac/5b0ff4181506b08060deb5fed27753d4f28732
2026/08/24 09:30:52 [24992] cd+++++++++ .git/objects/ad/
2026/08/24 09:30:52 [24992] <f+++++++++ .git/objects/ad/a4fea20848f8b31b586d4b65c8c799cfb4d7c2
2026/08/24 09:30:52 [24992] <f+++++++++ .git/objects/ad/e096a77a79c1030be94a03ace100313b6a0b03
2026/08/24 09:30:52 [24992] <f+++++++++ .git/objects/ad/fa7900d5d0ecac8003d8ed02e7b9bdbf4d12ba
2026/08/24 09:30:52 [24992] cd+++++++++ .git/objects/ae/
2026/08/24 09:30:52 [24992] <f+++++++++ .git/objects/ae/62b6ddc9aa88445a164d02a0aecbcf9b36dd06
2026/08/24 09:30:52 [24992] <f+++++++++ .git/objects/ae/c9bf2b727a6a987725826359315ce1cdf1cb96
2026/08/24 09:30:52 [24992] cd+++++++++ .git/objects/af/
2026/08/24 09:30:52 [24992] <f+++++++++ .git/objects/af/1c1bb6fe08684061d5daa0ee3a5c202f73c358
2026/08/24 09:30:52 [24992] <f+++++++++ .git/objects/af/5144326575fd357afba1d70553b6566e3e4665
2026/08/24 09:30:52 [24992] <f+++++++++ .git/objects/af/930aa4ca024fd56b12c41c459fa0f999ebbc90
2026/08/24 09:30:52 [24992] <f+++++++++ .git/objects/af/b5a2362895ce3dd7ef6e0250eb08c091352418
2026/08/24 09:30:52 [24992] <f+++++++++ .git/objects/af/c5ab1a978ffda70edce54bb04932b882fc827d
2026/08/24 09:30:52 [24992] <f+++++++++ .git/objects/af/d71bf763de410f15b2fb5a189b1a1183912630
2026/08/24 09:30:52 [24992] <f+++++++++ .git/objects/af/fc33d4751a7fe43963a90e4c6aff1e3eb94139
2026/08/24 09:30:52 [24992] cd+++++++++ .git/objects/b0/
2026/08/24 09:30:52 [24992] <f+++++++++ .git/objects/b0/3c230e6f1ab1a3aab24bd5adc2d745c2bfa2bd
2026/08/24 09:30:52 [24992] <f+++++++++ .git/objects/b0/5c49dde43dda9e37203202fab28a08f43561f9
2026/08/24 09:30:52 [24992] <f+++++++++ .git/objects/b0/b0a3628d8a2a832998982819f884c33f693988
2026/08/24 09:30:52 [24992] <f+++++++++ .git/objects/b0/faa66a3c12580e39062d38ac2cd09af4d2fb03
2026/08/24 09:30:52 [24992] cd+++++++++ .git/objects/b1/
2026/08/24 09:30:52 [24992] <f+++++++++ .git/objects/b1/180008040649e8b3251b1e389cbc925de8731f
2026/08/24 09:30:52 [24992] <f+++++++++ .git/objects/b1/398e1661bfa294b1d01117597cfc16bde11576
2026/08/24 09:30:52 [24992] <f+++++++++ .git/objects/b1/521dfc5ceec53c71850b43737df2dfed89a5b8
2026/08/24 09:30:52 [24992] <f+++++++++ .git/objects/b1/55959a1d53d3249d1706b9a20751e9322d1807
2026/08/24 09:30:52 [24992] <f+++++++++ .git/objects/b1/92aacec8abd241e07d8409b2f02fa8bfbea22d
2026/08/24 09:30:52 [24992] <f+++++++++ .git/objects/b1/ca28d9b057ffd4629cc9ef079155366285856e
2026/08/24 09:30:52 [24992] <f+++++++++ .git/objects/b1/e7af20caaad5f4678e26147e162314dcf1f7a7
2026/08/24 09:30:52 [24992] <f+++++++++ .git/objects/b1/edfdf9b2003690810515f2627bd684f14e6936
2026/08/24 09:30:52 [24992] cd+++++++++ .git/objects/b2/
2026/08/24 09:30:52 [24992] <f+++++++++ .git/objects/b2/0e0b37f2cfd1a295146f996f228f43787274d7
2026/08/24 09:30:52 [24992] <f+++++++++ .git/objects/b2/821600d25790fe79e3f1082fadf8a379ed84c8
2026/08/24 09:30:52 [24992] <f+++++++++ .git/objects/b2/8834ee06f928bc25462d2e8e29805f099d5861
2026/08/24 09:30:52 [24992] <f+++++++++ .git/objects/b2/d0524568fb0046115f509e03747a32f660848a
2026/08/24 09:30:52 [24992] <f+++++++++ .git/objects/b2/e8907ff200ab19c8eb99ea7c828e76d2730cb7
2026/08/24 09:30:52 [24992] <f+++++++++ .git/objects/b2/ea98c06c87a140f667e224f37446787911b27c
2026/08/24 09:30:52 [24992] cd+++++++++ .git/objects/b3/
2026/08/24 09:30:52 [24992] <f+++++++++ .git/objects/b3/01ac8368f9da7c50c070cfa20e350b3aa7a8f0
2026/08/24 09:30:52 [24992] <f+++++++++ .git/objects/b3/416f95576475ecd45922feb4051f20d8a6a855
2026/08/24 09:30:52 [24992] <f+++++++++ .git/objects/b3/5525a8bfdc9aa480276e015308436762dac8e7
2026/08/24 09:30:52 [24992] <f+++++++++ .git/objects/b3/5dc40dd081532698384673c53e733f4066d48b
2026/08/24 09:30:52 [24992] <f+++++++++ .git/objects/b3/792623316ebfec6321db70b5513200c69a6deb
2026/08/24 09:30:52 [24992] <f+++++++++ .git/objects/b3/bd7c237eecb62807ba3a5d7c763ddfe8cd1912
2026/08/24 09:30:52 [24992] <f+++++++++ .git/objects/b3/d86404ab540b6e27a80c1e6db0d9c0113e2ddd
2026/08/24 09:30:52 [24992] <f+++++++++ .git/objects/b3/f8a0ff773095f3d9390d42c8204f8c9618952b
2026/08/24 09:30:52 [24992] cd+++++++++ .git/objects/b4/
2026/08/24 09:30:52 [24992] <f+++++++++ .git/objects/b4/178ef691c15c5705f114e61c110a747bb38639
2026/08/24 09:30:52 [24992] <f+++++++++ .git/objects/b4/2a1f6d3a7f0d9eb6b5061bbceb027c376cc40f
2026/08/24 09:30:52 [24992] <f+++++++++ .git/objects/b4/b1ffe917d286819fa71d9c461c5edcc0b157ed
2026/08/24 09:30:52 [24992] cd+++++++++ .git/objects/b5/
2026/08/24 09:30:52 [24992] <f+++++++++ .git/objects/b5/0979cd79326738ca41f9bb322fbd34e3481375
2026/08/24 09:30:52 [24992] <f+++++++++ .git/objects/b5/97971b724b2315bd84768a490e9fcc4a92281f
2026/08/24 09:30:52 [24992] <f+++++++++ .git/objects/b5/d0a13ab39d9bbfd565984db4937b3f69134f7d
2026/08/24 09:30:52 [24992] cd+++++++++ .git/objects/b6/
2026/08/24 09:30:52 [24992] <f+++++++++ .git/objects/b6/317aefa7a47082ae433e245a3ff6738c74762c
2026/08/24 09:30:52 [24992] <f+++++++++ .git/objects/b6/d1e180f47d2fb0e537cd523b0640b47c177d45
2026/08/24 09:30:52 [24992] <f+++++++++ .git/objects/b6/d618b16003a58ee7252163812fe9ed9e7c0bc8
2026/08/24 09:30:52 [24992] cd+++++++++ .git/objects/b7/
2026/08/24 09:30:52 [24992] <f+++++++++ .git/objects/b7/c6061eb18115cab3700d142c4cfa378758882c
2026/08/24 09:30:52 [24992] <f+++++++++ .git/objects/b7/ea10bb164dd309bfac43beedb6d36df113567f
2026/08/24 09:30:52 [24992] cd+++++++++ .git/objects/b8/
2026/08/24 09:30:52 [24992] <f+++++++++ .git/objects/b8/8d7f34acc13cbb19b00b618e32e138ddcb43d6
2026/08/24 09:30:52 [24992] <f+++++++++ .git/objects/b8/a515ebc87cea1f3cff28c9449708736e71dd5d
2026/08/24 09:30:52 [24992] cd+++++++++ .git/objects/b9/
2026/08/24 09:30:52 [24992] <f+++++++++ .git/objects/b9/03a357e836e8571a7c995833353e6520474be8
2026/08/24 09:30:52 [24992] <f+++++++++ .git/objects/b9/043bb7e2a7d79d33531c3a289b8bdf6c0ec881
2026/08/24 09:30:52 [24992] <f+++++++++ .git/objects/b9/3e628f09f8cea48e45d5f09614535571eed9a4
2026/08/24 09:30:52 [24992] <f+++++++++ .git/objects/b9/8b043fe65e2313a266559b50fbf11e9e2ee8d3
2026/08/24 09:30:52 [24992] <f+++++++++ .git/objects/b9/9b6087d0bee7268644161f3d64d640e124742a
2026/08/24 09:30:52 [24992] <f+++++++++ .git/objects/b9/f2be4b40ceb8c94067e44947de1e311969bbd6
2026/08/24 09:30:52 [24992] cd+++++++++ .git/objects/ba/
2026/08/24 09:30:52 [24992] <f+++++++++ .git/objects/ba/538b339b9e0bb2f65f63985875af830b187a10
2026/08/24 09:30:52 [24992] <f+++++++++ .git/objects/ba/c639d6257b410a271478a680a87a9894565305
2026/08/24 09:30:52 [24992] <f+++++++++ .git/objects/ba/e69e3d0b26301a22f4d9d0f633d1e957b70f25
2026/08/24 09:30:52 [24992] cd+++++++++ .git/objects/bb/
2026/08/24 09:30:52 [24992] <f+++++++++ .git/objects/bb/a22e01817f8230a5201c06a1252bfbca79a591
2026/08/24 09:30:52 [24992] <f+++++++++ .git/objects/bb/a6b7965f1ce865a92b147e14bf7308220641ca
2026/08/24 09:30:52 [24992] <f+++++++++ .git/objects/bb/acf25a39dd62467427458caa36f1da62f0b5a9
2026/08/24 09:30:52 [24992] <f+++++++++ .git/objects/bb/c9af5ee6cfa80cd4b896faba4c75260fcfcd9c
2026/08/24 09:30:52 [24992] cd+++++++++ .git/objects/bc/
2026/08/24 09:30:52 [24992] <f+++++++++ .git/objects/bc/32d26bfad8b7911e74b6d547444a5d0064ca11
2026/08/24 09:30:52 [24992] <f+++++++++ .git/objects/bc/4694246c502e064a0fed4c8d3aa3940f07e3b2
2026/08/24 09:30:52 [24992] <f+++++++++ .git/objects/bc/8247e87565f61d37bf62c83e842279bcdefcc1
2026/08/24 09:30:52 [24992] cd+++++++++ .git/objects/bd/
2026/08/24 09:30:52 [24992] <f+++++++++ .git/objects/bd/1a03d67ec15f21f65a63ab845cb1e7991c3ce2
2026/08/24 09:30:52 [24992] <f+++++++++ .git/objects/bd/2dbe04529821dc6bb76cf05f1109a0f94e0e6d
2026/08/24 09:30:52 [24992] <f+++++++++ .git/objects/bd/be244f9938b735f2e13a93feb7b777ba1c3e72
2026/08/24 09:30:52 [24992] cd+++++++++ .git/objects/be/
2026/08/24 09:30:52 [24992] <f+++++++++ .git/objects/be/297651ebca6a909bbed6cbfe85ffdcb7646dcd
2026/08/24 09:30:52 [24992] <f+++++++++ .git/objects/be/abd08672cca2916d71505b6f2925f54370ea61
2026/08/24 09:30:52 [24992] cd+++++++++ .git/objects/bf/
2026/08/24 09:30:52 [24992] <f+++++++++ .git/objects/bf/79dfb2a7d2690f38a9fe48a7b614d56cfc4d59
2026/08/24 09:30:52 [24992] <f+++++++++ .git/objects/bf/a74b5e867566c6c2c2cc8099ea2655ebcb249f
2026/08/24 09:30:52 [24992] <f+++++++++ .git/objects/bf/bf363f26c49ac11871fa6fe451b7747751d1b2
2026/08/24 09:30:52 [24992] <f+++++++++ .git/objects/bf/c4d6f4f459739a31edc13dffdaee737641e722
2026/08/24 09:30:52 [24992] <f+++++++++ .git/objects/bf/f4a54cfba75e899cb359b2fd3fe62431967e8d
2026/08/24 09:30:52 [24992] cd+++++++++ .git/objects/c0/
2026/08/24 09:30:52 [24992] <f+++++++++ .git/objects/c0/377a5b58e9dedfbdff829d3a4d8e99e0eb411f
2026/08/24 09:30:52 [24992] <f+++++++++ .git/objects/c0/577058680fa20a85908687f1b37d5f053d908c
2026/08/24 09:30:52 [24992] cd+++++++++ .git/objects/c1/
2026/08/24 09:30:52 [24992] <f+++++++++ .git/objects/c1/c21e717969a72cb22c5a1f56404a8f657707b3
2026/08/24 09:30:52 [24992] cd+++++++++ .git/objects/c2/
2026/08/24 09:30:52 [24992] <f+++++++++ .git/objects/c2/413325b784e6c1274b41b7cd49f6dcde5a9d9a
2026/08/24 09:30:52 [24992] cd+++++++++ .git/objects/c3/
2026/08/24 09:30:52 [24992] <f+++++++++ .git/objects/c3/31ae249895620df4535d5cc07e53cc1ea8926e
2026/08/24 09:30:52 [24992] <f+++++++++ .git/objects/c3/4a112f155c26decbf8af140e1b8ed81e7f1703
2026/08/24 09:30:52 [24992] <f+++++++++ .git/objects/c3/b3339b052245d99fb4d41aa08861fcfcb40b46
2026/08/24 09:30:52 [24992] cd+++++++++ .git/objects/c4/
2026/08/24 09:30:52 [24992] <f+++++++++ .git/objects/c4/0fb2e2728e78f5046cb60bed0c35d17a93437c
2026/08/24 09:30:52 [24992] <f+++++++++ .git/objects/c4/6fe433fae0c93deebe3719fda0be5b67cf174a
2026/08/24 09:30:52 [24992] <f+++++++++ .git/objects/c4/936eefab38783c6da3bb5d90f2eb9c36ec4d2d
2026/08/24 09:30:52 [24992] cd+++++++++ .git/objects/c5/
2026/08/24 09:30:52 [24992] <f+++++++++ .git/objects/c5/40a53d9aaa97f7de69f45c3ff91e0b06647bf4
2026/08/24 09:30:52 [24992] <f+++++++++ .git/objects/c5/6eb6923e99bdf4d70341d7074e2d6ea4be1c26
2026/08/24 09:30:52 [24992] <f+++++++++ .git/objects/c5/98750b1475eb48c021aa29de70cc16bf29eec7
2026/08/24 09:30:52 [24992] <f+++++++++ .git/objects/c5/ae4e50a7efb2cc191b2265121a3f414d6a0b41
2026/08/24 09:30:52 [24992] <f+++++++++ .git/objects/c5/b9e6f0ec9e129d1554abe0946d2c9aa248e6f6
2026/08/24 09:30:52 [24992] cd+++++++++ .git/objects/c6/
2026/08/24 09:30:52 [24992] <f+++++++++ .git/objects/c6/d18b1136b08aec76aeb1fa002dee88811030b7
2026/08/24 09:30:52 [24992] cd+++++++++ .git/objects/c7/
2026/08/24 09:30:52 [24992] <f+++++++++ .git/objects/c7/52851a0e2818014430cecf68c9978fad6b0893
2026/08/24 09:30:52 [24992] <f+++++++++ .git/objects/c7/9b6e2abe2a9f0b433873280f7272f56be46d8e
2026/08/24 09:30:52 [24992] <f+++++++++ .git/objects/c7/acdd8c861fdae3583c308136e9f997732d4de3
2026/08/24 09:30:52 [24992] <f+++++++++ .git/objects/c7/ef0b875b87b7ce1ac66682ebf78eb58b60808d
2026/08/24 09:30:52 [24992] cd+++++++++ .git/objects/c8/
2026/08/24 09:30:52 [24992] <f+++++++++ .git/objects/c8/91b60fdf93f1e163c267b16166f827c5e09e87
2026/08/24 09:30:52 [24992] <f+++++++++ .git/objects/c8/9c95a0581f283ae9026f5ef1e9237869fa0628
2026/08/24 09:30:52 [24992] <f+++++++++ .git/objects/c8/a2a85a41d66d74ab1a9ee2c6e4396a88b53cf4
2026/08/24 09:30:52 [24992] cd+++++++++ .git/objects/c9/
2026/08/24 09:30:52 [24992] <f+++++++++ .git/objects/c9/063deff346d0105ff098b753f84f4c93835b0c
2026/08/24 09:30:52 [24992] cd+++++++++ .git/objects/ca/
2026/08/24 09:30:52 [24992] <f+++++++++ .git/objects/ca/10068a03ce042574c9c595a948ba780bb3cb17
2026/08/24 09:30:52 [24992] <f+++++++++ .git/objects/ca/35bdef3ed0246f5e9ed3990ac5e2da2f18a110
2026/08/24 09:30:52 [24992] <f+++++++++ .git/objects/ca/3b1c5a7112dfa3e51bbd0d5cd24723780e56c0
2026/08/24 09:30:52 [24992] <f+++++++++ .git/objects/ca/577ce3ca27712e2460d4cfeeea0a47de420c7b
2026/08/24 09:30:52 [24992] cd+++++++++ .git/objects/cb/
2026/08/24 09:30:52 [24992] <f+++++++++ .git/objects/cb/843c6a96645db46799f6e2e260efc04cdefe73
2026/08/24 09:30:52 [24992] <f+++++++++ .git/objects/cb/a5141c2613abedf62d6e22fc8e2a590a85dca3
2026/08/24 09:30:52 [24992] <f+++++++++ .git/objects/cb/ab3d6781b2c909ddea7857f7185e8fd2908109
2026/08/24 09:30:52 [24992] <f+++++++++ .git/objects/cb/acc974ddf96c8a8996770dc73bd8b692263e6d
2026/08/24 09:30:52 [24992] <f+++++++++ .git/objects/cb/d6459056500b62c1d285f0c4731ec310c37806
2026/08/24 09:30:52 [24992] cd+++++++++ .git/objects/cc/
2026/08/24 09:30:52 [24992] <f+++++++++ .git/objects/cc/358b09d191e6f097d9f9897b00e3eef0d642b8
2026/08/24 09:30:52 [24992] <f+++++++++ .git/objects/cc/49f609256b299a8198e2cb57b32b8a0b0aebea
2026/08/24 09:30:52 [24992] <f+++++++++ .git/objects/cc/5cf8243c9e320aff22f5e75009ea9fe93ff2f1
2026/08/24 09:30:52 [24992] <f+++++++++ .git/objects/cc/8b8296569478cabb87146e7b4b992fcf7c7457
2026/08/24 09:30:52 [24992] <f+++++++++ .git/objects/cc/c524f6b997983ba2279ce0e484701cb6ce63fb
2026/08/24 09:30:52 [24992] cd+++++++++ .git/objects/cd/
2026/08/24 09:30:52 [24992] <f+++++++++ .git/objects/cd/793a220c145f9ff1ef9b4e664e0904856609b7
2026/08/24 09:30:52 [24992] cd+++++++++ .git/objects/ce/
2026/08/24 09:30:52 [24992] <f+++++++++ .git/objects/ce/0111051f5033fc4c2cd7265d45df2abc29314a
2026/08/24 09:30:52 [24992] <f+++++++++ .git/objects/ce/50576d90d24743e25a46c8a18e7ed8396af44b
2026/08/24 09:30:52 [24992] <f+++++++++ .git/objects/ce/8ac95a0ac2de44d861e20f0a477815bb36045f
2026/08/24 09:30:52 [24992] <f+++++++++ .git/objects/ce/ab81ddd07e6e19a3bf88a00293d64dafe20a08
2026/08/24 09:30:52 [24992] <f+++++++++ .git/objects/ce/ed8599e879aa61d0fff360c744ea0db1d7a476
2026/08/24 09:30:52 [24992] <f+++++++++ .git/objects/ce/f0b0edf4ed11965fde322144f7f9307c05085a
2026/08/24 09:30:52 [24992] cd+++++++++ .git/objects/cf/
2026/08/24 09:30:52 [24992] <f+++++++++ .git/objects/cf/16987532959b11e35c1d3f125b93285f3932bf
2026/08/24 09:30:52 [24992] <f+++++++++ .git/objects/cf/517034f3902615fede3c02acc6e80102dc372c
2026/08/24 09:30:52 [24992] <f+++++++++ .git/objects/cf/c619e1690626a773fc58dfe1e1afeb185d274c
2026/08/24 09:30:52 [24992] cd+++++++++ .git/objects/d0/
2026/08/24 09:30:52 [24992] <f+++++++++ .git/objects/d0/681b6c3473d02ba96dbecb9c1af179497b2785
2026/08/24 09:30:52 [24992] <f+++++++++ .git/objects/d0/7b3da6fa234cfd22c1863991a5dd1c533424a5
2026/08/24 09:30:52 [24992] <f+++++++++ .git/objects/d0/7fdab849a150855a4224d0467c3bdef1423258
2026/08/24 09:30:52 [24992] <f+++++++++ .git/objects/d0/a4cefbb4eefb67ffb15a4d2cf659b72f0886db
2026/08/24 09:30:52 [24992] <f+++++++++ .git/objects/d0/a86f1a98f4d1d86efeb9fcaa6f521a2cd621fa
2026/08/24 09:30:52 [24992] cd+++++++++ .git/objects/d1/
2026/08/24 09:30:52 [24992] <f+++++++++ .git/objects/d1/2015d8283b46a917db4b00d8d85919a525d63b
2026/08/24 09:30:52 [24992] <f+++++++++ .git/objects/d1/714fa5390414f15e0d2414668298bcf14d1ca5
2026/08/24 09:30:52 [24992] <f+++++++++ .git/objects/d1/7cb6a57c10a1e33ca2d19df7875d5a12b9ee6a
2026/08/24 09:30:52 [24992] <f+++++++++ .git/objects/d1/93faeabcf274caa27359a2063a490a664115c3
2026/08/24 09:30:52 [24992] <f+++++++++ .git/objects/d1/de257cb1443b16faee6849c20dc99f01fd2a9c
2026/08/24 09:30:52 [24992] cd+++++++++ .git/objects/d3/
2026/08/24 09:30:52 [24992] <f+++++++++ .git/objects/d3/ae491a9420575468b4c9e4db1bfb4fee89ba40
2026/08/24 09:30:52 [24992] cd+++++++++ .git/objects/d4/
2026/08/24 09:30:52 [24992] <f+++++++++ .git/objects/d4/2fb8e19db395294ac6fdefe23ff85b162b1f78
2026/08/24 09:30:52 [24992] <f+++++++++ .git/objects/d4/c6932a9a3caa033682d3cbb1408155cef7b8ed
2026/08/24 09:30:52 [24992] <f+++++++++ .git/objects/d4/c82b60c655f4a514f96af6537d10d5f12adcb7
2026/08/24 09:30:52 [24992] <f+++++++++ .git/objects/d4/da38695b91103beb7fcf821cdd4f25165022d8
2026/08/24 09:30:52 [24992] cd+++++++++ .git/objects/d5/
2026/08/24 09:30:52 [24992] <f+++++++++ .git/objects/d5/37a7c5487c9897262bc862cff1913ae8d973b7
2026/08/24 09:30:52 [24992] <f+++++++++ .git/objects/d5/a795ffe5b2913d25f92e92fc04bcd319858e5e
2026/08/24 09:30:52 [24992] <f+++++++++ .git/objects/d5/b32c649d625317434da83644c8c26ddc8d8f3f
2026/08/24 09:30:52 [24992] <f+++++++++ .git/objects/d5/c5d7f003ad608d61583fc67ec3e0765669b247
2026/08/24 09:30:52 [24992] cd+++++++++ .git/objects/d6/
2026/08/24 09:30:52 [24992] <f+++++++++ .git/objects/d6/12433b49271815eace1f724127b706651b27b1
2026/08/24 09:30:52 [24992] <f+++++++++ .git/objects/d6/1d951d3abe27a93221ed139f2efbd5abe5eef9
2026/08/24 09:30:52 [24992] <f+++++++++ .git/objects/d6/443d5aee73a426a75f298a9b0bb01de4f123a6
2026/08/24 09:30:52 [24992] <f+++++++++ .git/objects/d6/a59d635e366b29693ef524dc3070316e5116c2
2026/08/24 09:30:52 [24992] cd+++++++++ .git/objects/d7/
2026/08/24 09:30:52 [24992] <f+++++++++ .git/objects/d7/165194c7698eb305176117c749ad016c331bff
2026/08/24 09:30:52 [24992] <f+++++++++ .git/objects/d7/711329130b9a40e095fa2ceef2d068a9128604
2026/08/24 09:30:52 [24992] <f+++++++++ .git/objects/d7/a0ca8eb0170a4e54eb9012039dab4c4b8155a7
2026/08/24 09:30:52 [24992] <f+++++++++ .git/objects/d7/ba7eafb6fa424103864bba4e45e916588317f0
2026/08/24 09:30:52 [24992] <f+++++++++ .git/objects/d7/bafdedfe66f174ec16f5353d49f65c84e52eb9
2026/08/24 09:30:52 [24992] cd+++++++++ .git/objects/d8/
2026/08/24 09:30:52 [24992] <f+++++++++ .git/objects/d8/253b4e22edca08ecc39c1fe976df3027215614
2026/08/24 09:30:52 [24992] <f+++++++++ .git/objects/d8/553ecb93a857f0134407cf6f8a439e97716265
2026/08/24 09:30:52 [24992] <f+++++++++ .git/objects/d8/950584525b2764b1348f18619e81b4f71feb73
2026/08/24 09:30:52 [24992] <f+++++++++ .git/objects/d8/de23beba072cb4c0474cdd2955fb3b07cbcc84
2026/08/24 09:30:52 [24992] <f+++++++++ .git/objects/d8/f7ad163c723871fc271c6605ffcf23d7adcf80
2026/08/24 09:30:52 [24992] cd+++++++++ .git/objects/d9/
2026/08/24 09:30:52 [24992] <f+++++++++ .git/objects/d9/00521ce8a64092ba2ebbceb478328a7713e53b
2026/08/24 09:30:52 [24992] <f+++++++++ .git/objects/d9/2e04878598b9ca0885fc8fee7d2f7168660bed
2026/08/24 09:30:52 [24992] <f+++++++++ .git/objects/d9/927425bcbe1d031127b6c4568e556c4afec219
2026/08/24 09:30:52 [24992] <f+++++++++ .git/objects/d9/9a3a2a34c2b0f9152d0c16b5819467243960ff
2026/08/24 09:30:52 [24992] <f+++++++++ .git/objects/d9/eca261645515a7d09552672126884d40eb02d7
2026/08/24 09:30:52 [24992] cd+++++++++ .git/objects/da/
2026/08/24 09:30:52 [24992] <f+++++++++ .git/objects/da/0e12d8f1f7b26d0e10a1e8f4547d4387447eea
2026/08/24 09:30:52 [24992] <f+++++++++ .git/objects/da/621c708b3a28e4bdba38ba2ee3fe5485100469
2026/08/24 09:30:52 [24992] <f+++++++++ .git/objects/da/8cb863793696a9fdcb19a1a99a22919ac9bdf5
2026/08/24 09:30:52 [24992] <f+++++++++ .git/objects/da/92b3faf6641d383a0362fd0b77e10d629a1290
2026/08/24 09:30:52 [24992] <f+++++++++ .git/objects/da/c15fa7ffc02d6262175667093701b4ab0fb681
2026/08/24 09:30:52 [24992] <f+++++++++ .git/objects/da/e9794879eb250b74ea54a4c01b76b4d6d346e5
2026/08/24 09:30:52 [24992] cd+++++++++ .git/objects/db/
2026/08/24 09:30:52 [24992] <f+++++++++ .git/objects/db/0e505b38a11335f8a88704ce87bd53b43975ef
2026/08/24 09:30:52 [24992] <f+++++++++ .git/objects/db/1299b8e7d3c3077fc370a5d66775d53f08d476
2026/08/24 09:30:52 [24992] <f+++++++++ .git/objects/db/49d1eea244430c392236aa971d7df03d65c1b9
2026/08/24 09:30:52 [24992] <f+++++++++ .git/objects/db/b79c50e20f114d8a012df55b0a1cc2f8ccc689
2026/08/24 09:30:52 [24992] <f+++++++++ .git/objects/db/c98cbe184f0897caac292e9305e56fda8bc4b4
2026/08/24 09:30:52 [24992] <f+++++++++ .git/objects/db/d546999303cc0e2ee5e9948c25c4048f93e4a5
2026/08/24 09:30:52 [24992] cd+++++++++ .git/objects/dc/
2026/08/24 09:30:52 [24992] <f+++++++++ .git/objects/dc/7cb9f063bf9a792a65ab7da043fe97d59091c1
2026/08/24 09:30:52 [24992] <f+++++++++ .git/objects/dc/805472145fa7a4c56d1069e89514e3e075f00b
2026/08/24 09:30:52 [24992] <f+++++++++ .git/objects/dc/cb1972f1bc77a4e8d627db53ac0b1e225f51f6
2026/08/24 09:30:52 [24992] <f+++++++++ .git/objects/dc/ebe29ba86c6f04a2750b6c877fe23ac2b438dc
2026/08/24 09:30:52 [24992] cd+++++++++ .git/objects/dd/
2026/08/24 09:30:52 [24992] <f+++++++++ .git/objects/dd/6b22e7438f22fecf72283b5c0bfe7f3d9611c4
2026/08/24 09:30:52 [24992] cd+++++++++ .git/objects/de/
2026/08/24 09:30:52 [24992] <f+++++++++ .git/objects/de/2fcb81534f4b02959bf5ba6d941141f0abc882
2026/08/24 09:30:52 [24992] <f+++++++++ .git/objects/de/3f58cdba4e34f722025c13e9a9efa18530f0ad
2026/08/24 09:30:52 [24992] <f+++++++++ .git/objects/de/c4a7b3c8c3c52e54d362ada44025692bbc8adb
2026/08/24 09:30:52 [24992] <f+++++++++ .git/objects/de/eb1d59227929d7f4cbbdb2fb964ca5bc2885d5
2026/08/24 09:30:52 [24992] cd+++++++++ .git/objects/df/
2026/08/24 09:30:52 [24992] <f+++++++++ .git/objects/df/0f8d70d4a760e0b0da402cf76289170f7933f4
2026/08/24 09:30:52 [24992] <f+++++++++ .git/objects/df/1921ac5f9314eba4d3faf2db2493264ae2b064
2026/08/24 09:30:52 [24992] <f+++++++++ .git/objects/df/1e6d2c24a8b70965584c533289594800738930
2026/08/24 09:30:52 [24992] <f+++++++++ .git/objects/df/27b73f245ce56ce7b1cd9d43b042acb789525b
2026/08/24 09:30:52 [24992] <f+++++++++ .git/objects/df/3401709f7dd422714bfb064975ec723e9c9a28
2026/08/24 09:30:52 [24992] <f+++++++++ .git/objects/df/50e249c5f0bb4f89196a6c1e90887aefa55f16
2026/08/24 09:30:52 [24992] <f+++++++++ .git/objects/df/85ab2c5e46f5644a4a1ac55d216a29087b4c0f
2026/08/24 09:30:52 [24992] <f+++++++++ .git/objects/df/a4230aed1dea2ad5421bf2bd329a356ad827f4
2026/08/24 09:30:52 [24992] <f+++++++++ .git/objects/df/c6629fe6551f2ba6ac1e45b2fab15ed4842b3d
2026/08/24 09:30:52 [24992] cd+++++++++ .git/objects/e0/
2026/08/24 09:30:52 [24992] <f+++++++++ .git/objects/e0/3017ef590e1266b1070666b608bb3f80121070
2026/08/24 09:30:52 [24992] <f+++++++++ .git/objects/e0/470da05f98947a1b42bc97bdce330a16d8a250
2026/08/24 09:30:52 [24992] <f+++++++++ .git/objects/e0/4e73d36b9ff67a6500a116b742dd160c5cf582
2026/08/24 09:30:52 [24992] <f+++++++++ .git/objects/e0/5918dc1ab7c019c8c8538862dac636d706c003
2026/08/24 09:30:52 [24992] <f+++++++++ .git/objects/e0/fea5a2221c85d1fc5112997b919f6047d176ad
2026/08/24 09:30:52 [24992] cd+++++++++ .git/objects/e1/
2026/08/24 09:30:52 [24992] <f+++++++++ .git/objects/e1/12e38e319ce7585dbbc0947d1394333006bc2c
2026/08/24 09:30:52 [24992] <f+++++++++ .git/objects/e1/5c08727166e0072323486c32d423c55d2b8581
2026/08/24 09:30:52 [24992] <f+++++++++ .git/objects/e1/9ff10ced9366ceb29b0ac2b6b9376bf1379a2c
2026/08/24 09:30:52 [24992] <f+++++++++ .git/objects/e1/aee318893aa259acbd486f76eadba57e547574
2026/08/24 09:30:52 [24992] cd+++++++++ .git/objects/e2/
2026/08/24 09:30:52 [24992] <f+++++++++ .git/objects/e2/1493fa480fd45034795b2192b83bbdeb1f6c39
2026/08/24 09:30:52 [24992] <f+++++++++ .git/objects/e2/1df88a29d84efb4030a1b36fc2967c5545cc15
2026/08/24 09:30:52 [24992] <f+++++++++ .git/objects/e2/4b5bc7965c48ec07b79cd46ffa7654fe96a647
2026/08/24 09:30:52 [24992] cd+++++++++ .git/objects/e3/
2026/08/24 09:30:52 [24992] <f+++++++++ .git/objects/e3/6e59b3fa5787d7f1783efd591ef57be8b2d6cd
2026/08/24 09:30:52 [24992] cd+++++++++ .git/objects/e4/
2026/08/24 09:30:52 [24992] <f+++++++++ .git/objects/e4/127f0538665e9fedef5ab0137327cc056edb0b
2026/08/24 09:30:52 [24992] <f+++++++++ .git/objects/e4/1d307c947ba643ff9f04f01cb6de33f77e55c3
2026/08/24 09:30:52 [24992] <f+++++++++ .git/objects/e4/9184e5f3ab2ddd2613c0ef1d6f24cdf054450c
2026/08/24 09:30:52 [24992] cd+++++++++ .git/objects/e5/
2026/08/24 09:30:52 [24992] <f+++++++++ .git/objects/e5/06989786a5b3cd05cf6aa8ae1a9c28e90fb8b3
2026/08/24 09:30:52 [24992] <f+++++++++ .git/objects/e5/5ac3b494eec1cebcad55e0eddd79688ce2b844
2026/08/24 09:30:52 [24992] <f+++++++++ .git/objects/e5/d9ed75b53aa0be1eb819d50f6e5d7baa3b5e3c
2026/08/24 09:30:52 [24992] cd+++++++++ .git/objects/e6/
2026/08/24 09:30:52 [24992] <f+++++++++ .git/objects/e6/1a83fedcff72e88c197b2df6f054cfece8fe84
2026/08/24 09:30:52 [24992] <f+++++++++ .git/objects/e6/225710d33be72cfbc283974e83dceaadaca63c
2026/08/24 09:30:52 [24992] <f+++++++++ .git/objects/e6/26f0dcaeee34c0be2c473c09c17148f71eeccb
2026/08/24 09:30:52 [24992] <f+++++++++ .git/objects/e6/80fd5a238e92b23fa45779d5faac8ad8ce898c
2026/08/24 09:30:52 [24992] <f+++++++++ .git/objects/e6/9de29bb2d1d6434b8b29ae775ad8c2e48c5391
2026/08/24 09:30:52 [24992] cd+++++++++ .git/objects/e7/
2026/08/24 09:30:52 [24992] <f+++++++++ .git/objects/e7/665156a022e3a6200c11eee005602b382bd85f
2026/08/24 09:30:52 [24992] <f+++++++++ .git/objects/e7/d8a98b578b309f7784664b2c3512d3c009a817
2026/08/24 09:30:52 [24992] cd+++++++++ .git/objects/e8/
2026/08/24 09:30:52 [24992] <f+++++++++ .git/objects/e8/5a662743a6ad9372f3f979527536cc95e881dd
2026/08/24 09:30:52 [24992] cd+++++++++ .git/objects/e9/
2026/08/24 09:30:52 [24992] <f+++++++++ .git/objects/e9/0cadc0bf3b5a63c40095ce21576b9cbbf97d18
2026/08/24 09:30:52 [24992] <f+++++++++ .git/objects/e9/57890335e422ce0121842ae7ea289c8277a52a
2026/08/24 09:30:52 [24992] <f+++++++++ .git/objects/e9/87e8fc7f67166995adb05797963e89e74dcde0
2026/08/24 09:30:52 [24992] cd+++++++++ .git/objects/ea/
2026/08/24 09:30:52 [24992] <f+++++++++ .git/objects/ea/76529c20ab1ff2f06e3f9b154b3e86ee8bd28f
2026/08/24 09:30:52 [24992] <f+++++++++ .git/objects/ea/84a8eb4f5123a29bb07aa51c804ee6c7393fa3
2026/08/24 09:30:52 [24992] cd+++++++++ .git/objects/eb/
2026/08/24 09:30:52 [24992] <f+++++++++ .git/objects/eb/cd9f75880d476226ab554f85a4a2f4a079da91
2026/08/24 09:30:52 [24992] <f+++++++++ .git/objects/eb/ce760df09d6a05284983991adcac404ec915b8
2026/08/24 09:30:52 [24992] <f+++++++++ .git/objects/eb/dab066fb5ebb0b7ff88ccb4ce3be2e27fbf09e
2026/08/24 09:30:52 [24992] <f+++++++++ .git/objects/eb/e2dd45d6c3fcea841d80a96f32b5049b4c4ad8
2026/08/24 09:30:52 [24992] <f+++++++++ .git/objects/eb/f243808e185e0548e598bf1e9ae5600992e951
2026/08/24 09:30:52 [24992] <f+++++++++ .git/objects/eb/f50174dcb2b46c41c0aa78dac4eca848ab76fa
2026/08/24 09:30:52 [24992] cd+++++++++ .git/objects/ec/
2026/08/24 09:30:52 [24992] <f+++++++++ .git/objects/ec/286666fe970d077c6d3961e7289b44ebd1d61d
2026/08/24 09:30:52 [24992] <f+++++++++ .git/objects/ec/2fb259ed09412d19f3865b5e3f124c2cf90819
2026/08/24 09:30:52 [24992] <f+++++++++ .git/objects/ec/455772fc7fa1e1a6e650e6d97fe9c52e9d5e77
2026/08/24 09:30:52 [24992] <f+++++++++ .git/objects/ec/64112b1c68332399c211c2c62cf6b9924d53b7
2026/08/24 09:30:52 [24992] <f+++++++++ .git/objects/ec/8d66ffdabc3ae0d5de24ed48160ceedb5240d8
2026/08/24 09:30:52 [24992] <f+++++++++ .git/objects/ec/964720a3c0ac89503374cd953b097fa1898ef1
2026/08/24 09:30:52 [24992] <f+++++++++ .git/objects/ec/9de8056f343ebd5c550a9b307e966b98ef4048
2026/08/24 09:30:52 [24992] <f+++++++++ .git/objects/ec/f0be7d98f9e788272e97aca5f3a3a1f9aba377
2026/08/24 09:30:52 [24992] cd+++++++++ .git/objects/ed/
2026/08/24 09:30:52 [24992] <f+++++++++ .git/objects/ed/03e83ba90e2673f09fdae2ed0333ddf97eba79
2026/08/24 09:30:52 [24992] <f+++++++++ .git/objects/ed/4ace8b606a5ef696808ad8800a7167e0cef141
2026/08/24 09:30:52 [24992] <f+++++++++ .git/objects/ed/553007a6476f4f9b30f91e4c68db65850b5dda
2026/08/24 09:30:52 [24992] <f+++++++++ .git/objects/ed/8df3cbfb0fdffb2777d6366fab4fe99792372b
2026/08/24 09:30:52 [24992] <f+++++++++ .git/objects/ed/b911c96a2ee9f5e15555284a009dd2a243ecac
2026/08/24 09:30:52 [24992] <f+++++++++ .git/objects/ed/bb2413f1f688589c51a48b01c6163661694306
2026/08/24 09:30:52 [24992] <f+++++++++ .git/objects/ed/ef6d3e78c8e8fa976c6579e889826a68ddcfc2
2026/08/24 09:30:52 [24992] cd+++++++++ .git/objects/ef/
2026/08/24 09:30:52 [24992] <f+++++++++ .git/objects/ef/0633dc82ce7a19084abed0eba25b8aa9743929
2026/08/24 09:30:52 [24992] <f+++++++++ .git/objects/ef/0c2afe1b747bd9e0b2e4ff1d770aaef4b23612
2026/08/24 09:30:52 [24992] <f+++++++++ .git/objects/ef/a896cf41a381b3fae7a114e100ba7c4cb2396e
2026/08/24 09:30:52 [24992] cd+++++++++ .git/objects/f0/
2026/08/24 09:30:52 [24992] <f+++++++++ .git/objects/f0/1b65f185ec1cbe25952b0a509d775ec2dcfcc7
2026/08/24 09:30:52 [24992] <f+++++++++ .git/objects/f0/72f99ae5c67278c541886a26a68a6e4903edea
2026/08/24 09:30:52 [24992] cd+++++++++ .git/objects/f1/
2026/08/24 09:30:52 [24992] <f+++++++++ .git/objects/f1/4b3c8f32ea67c5a1b23e2ed29ffdd2aa9cbd16
2026/08/24 09:30:52 [24992] <f+++++++++ .git/objects/f1/4cec4991ce3565b7bcd7f237f366d5bd2871c3
2026/08/24 09:30:52 [24992] <f+++++++++ .git/objects/f1/51882b33785b2dbcfe968b590a5228afff50ab
2026/08/24 09:30:52 [24992] <f+++++++++ .git/objects/f1/f0d1801412dc43d9fc5204fb7cea2dadecbbb2
2026/08/24 09:30:52 [24992] cd+++++++++ .git/objects/f2/
2026/08/24 09:30:52 [24992] <f+++++++++ .git/objects/f2/1a2dba1ffbdb41d7a8971d7854507c7016d309
2026/08/24 09:30:52 [24992] <f+++++++++ .git/objects/f2/215e117973aa697de4c03e970889e69f6f92c2
2026/08/24 09:30:52 [24992] <f+++++++++ .git/objects/f2/565b5f72691b93a661965aa7fa34b02ce8202e
2026/08/24 09:30:52 [24992] <f+++++++++ .git/objects/f2/863dc5b00f23d0a32d34bfebc8113722382c16
2026/08/24 09:30:52 [24992] <f+++++++++ .git/objects/f2/cc06adf8c0578f24627d846bbad2f71e0781f7
2026/08/24 09:30:52 [24992] cd+++++++++ .git/objects/f3/
2026/08/24 09:30:52 [24992] <f+++++++++ .git/objects/f3/3c1a101cc4e7e7d8408998220f64898d4f85db
2026/08/24 09:30:52 [24992] <f+++++++++ .git/objects/f3/8db158dd7709f2eb708004a0f8e70afb3856d6
2026/08/24 09:30:52 [24992] <f+++++++++ .git/objects/f3/9df411d3f560878e4308292cb58c7ef49e047f
2026/08/24 09:30:52 [24992] <f+++++++++ .git/objects/f3/bb8377005eefb9632cab5fb233c89f9ab5334d
2026/08/24 09:30:52 [24992] cd+++++++++ .git/objects/f4/
2026/08/24 09:30:52 [24992] <f+++++++++ .git/objects/f4/08bdd54b3e1d54c8a6b6d4b8f70d1760149e78
2026/08/24 09:31:05 [24992] <f+++++++++ .git/objects/f4/6335218b563fd5664d44670809139be75d3633
2026/08/24 09:31:05 [24992] cd+++++++++ .git/objects/f5/
2026/08/24 09:31:05 [24992] <f+++++++++ .git/objects/f5/44bd5ef648f36baade8471e156b8aa6c474925
2026/08/24 09:31:05 [24992] <f+++++++++ .git/objects/f5/57e12e1149d753cf0f7557b5d7772427056700
2026/08/24 09:31:05 [24992] <f+++++++++ .git/objects/f5/9f6995554a1afe885f28ec5fe42439053a39cc
2026/08/24 09:31:05 [24992] cd+++++++++ .git/objects/f6/
2026/08/24 09:31:05 [24992] <f+++++++++ .git/objects/f6/39c7b696f21ee7654741e2ab62da75e201fd7e
2026/08/24 09:31:05 [24992] <f+++++++++ .git/objects/f6/f7f6c2bf1914a18bfc96c63af00d7ca3158c7b
2026/08/24 09:31:05 [24992] cd+++++++++ .git/objects/f7/
2026/08/24 09:31:05 [24992] <f+++++++++ .git/objects/f7/26cbb99b45a3d7caf7e6c7073a9e0195fb9905
2026/08/24 09:31:05 [24992] <f+++++++++ .git/objects/f7/91f7be830dd690e26550cd7a7eab8782ca9f9f
2026/08/24 09:31:05 [24992] <f+++++++++ .git/objects/f7/cc2a1ca51fd5f9f65855c31f33e469946bac63
2026/08/24 09:31:05 [24992] cd+++++++++ .git/objects/f8/
2026/08/24 09:31:05 [24992] <f+++++++++ .git/objects/f8/b82edf589826e52a153829480541f8389dba83
2026/08/24 09:31:05 [24992] cd+++++++++ .git/objects/f9/
2026/08/24 09:31:05 [24992] <f+++++++++ .git/objects/f9/481416abeca14f27527967a0227b2e8d4543f7
2026/08/24 09:31:05 [24992] <f+++++++++ .git/objects/f9/87876347d1abb5e40b231201e2173c75c093cf
2026/08/24 09:31:05 [24992] <f+++++++++ .git/objects/f9/8d1019eaf74563d50db3987949952a7c47005f
2026/08/24 09:31:05 [24992] <f+++++++++ .git/objects/f9/9265f40f801254087b5adcd4bf03ce3258b2ff
2026/08/24 09:31:05 [24992] <f+++++++++ .git/objects/f9/a8d9c15dd9390471abbef2a1f1b8057fdbb030
2026/08/24 09:31:05 [24992] <f+++++++++ .git/objects/f9/e70fcde6f05732c9bdbf24ad4b319e0d6cc505
2026/08/24 09:31:05 [24992] <f+++++++++ .git/objects/f9/edd5b53f2aa00dde3e75ca6e9890f7ecfecdb4
2026/08/24 09:31:05 [24992] cd+++++++++ .git/objects/fa/
2026/08/24 09:31:05 [24992] <f+++++++++ .git/objects/fa/351122b45f1e546fcd8c010d8ceb1554cc14e2
2026/08/24 09:31:05 [24992] <f+++++++++ .git/objects/fa/9ce7a0a6d0c2eda1d1b3eb70fb16449a9c2e45
2026/08/24 09:31:05 [24992] <f+++++++++ .git/objects/fa/cb5657337cf16ac45c30684f24cf173769948c
2026/08/24 09:31:05 [24992] cd+++++++++ .git/objects/fb/
2026/08/24 09:31:05 [24992] <f+++++++++ .git/objects/fb/5b512ef9322a77acb9d2adfdb2b416c8275441
2026/08/24 09:31:05 [24992] <f+++++++++ .git/objects/fb/7e35659e1e395022248b3e84eda5b440a8a94a
2026/08/24 09:31:05 [24992] <f+++++++++ .git/objects/fb/7fc99c0c0f1be9ec5a5fc094a73d0e6525b7a9
2026/08/24 09:31:05 [24992] <f+++++++++ .git/objects/fb/8b599e3edf2183d8911aa643105552098c90ee
2026/08/24 09:31:05 [24992] <f+++++++++ .git/objects/fb/e3bbccd85cb9b9f72e65e762367d1b23b73f24
2026/08/24 09:31:05 [24992] <f+++++++++ .git/objects/fb/fcc4956fe69a266bbc94427a11c35319fb9c80
2026/08/24 09:31:05 [24992] cd+++++++++ .git/objects/fc/
2026/08/24 09:31:05 [24992] <f+++++++++ .git/objects/fc/a6de4ac46b69c4bdf8288313a594ff8a0e2c41
2026/08/24 09:31:05 [24992] <f+++++++++ .git/objects/fc/d05902eba33e480bb16bca71c21d931ff0088b
2026/08/24 09:31:05 [24992] <f+++++++++ .git/objects/fc/f27553877d4cc3aca3d6d797c777bd563282a5
2026/08/24 09:31:05 [24992] cd+++++++++ .git/objects/fd/
2026/08/24 09:31:05 [24992] <f+++++++++ .git/objects/fd/0289a83181a40286b2ee2fcd4d0b590c605eb1
2026/08/24 09:31:05 [24992] <f+++++++++ .git/objects/fd/2736583e87608b32131c7addd8bb95e2bc72a1
2026/08/24 09:31:05 [24992] <f+++++++++ .git/objects/fd/4f4fe331fbac9ab066ce694d0d9aec9acdea11
2026/08/24 09:31:05 [24992] <f+++++++++ .git/objects/fd/548e67cb279a7ea2b729b20f2472b7b49d9e4d
2026/08/24 09:31:05 [24992] <f+++++++++ .git/objects/fd/bf3539b8f13a1d27c5f7ecc37867c2a816de0c
2026/08/24 09:31:05 [24992] <f+++++++++ .git/objects/fd/f2caba3546526c26fa8b81a21c635f04f91f86
2026/08/24 09:31:05 [24992] cd+++++++++ .git/objects/fe/
2026/08/24 09:31:05 [24992] <f+++++++++ .git/objects/fe/290d50be6f3361a7087a4e0cda57662789296a
2026/08/24 09:31:05 [24992] cd+++++++++ .git/objects/ff/
2026/08/24 09:31:05 [24992] <f+++++++++ .git/objects/ff/5eb6a71d94a3c4e9be420b2a331b022ca8d649
2026/08/24 09:31:05 [24992] <f+++++++++ .git/objects/ff/832b5e27a6efee679293c659c322b0aca49d56
2026/08/24 09:31:05 [24992] <f+++++++++ .git/objects/ff/be5d9ad6f256cdb3b4da4e2e17a311aa3d6552
2026/08/24 09:31:05 [24992] <f+++++++++ .git/objects/ff/e2817bcfb77c1d3a09485a1ee2254cdbdb5883
2026/08/24 09:31:05 [24992] <f+++++++++ .git/objects/ff/fb5aadf62f273520318a018f6f75eb77bc18cc
2026/08/24 09:31:05 [24992] cd+++++++++ .git/objects/info/
2026/08/24 09:31:05 [24992] cd+++++++++ .git/objects/pack/
2026/08/24 09:31:05 [24992] <f+++++++++ .git/objects/pack/pack-409c7bd545a6bcfa74db6f159267ac8d1c712a80.idx
2026/08/24 09:31:05 [24992] <f+++++++++ .git/objects/pack/pack-409c7bd545a6bcfa74db6f159267ac8d1c712a80.pack
2026/08/24 09:31:05 [24992] <f+++++++++ .git/objects/pack/pack-409c7bd545a6bcfa74db6f159267ac8d1c712a80.rev
2026/08/24 09:31:05 [24992] cd+++++++++ .git/refs/
2026/08/24 09:31:05 [24992] cd+++++++++ .git/refs/codex/
2026/08/24 09:31:05 [24992] cd+++++++++ .git/refs/codex/turn-diffs/
2026/08/24 09:31:05 [24992] cd+++++++++ .git/refs/codex/turn-diffs/captures/
2026/08/24 09:31:05 [24992] cd+++++++++ .git/refs/codex/turn-diffs/captures/1786839910420/
2026/08/24 09:31:05 [24992] cd+++++++++ .git/refs/codex/turn-diffs/captures/1786839910420/b005cc9a-b42f-47d0-a154-34722c316ea0/
2026/08/24 09:31:05 [24992] <f+++++++++ .git/refs/codex/turn-diffs/captures/1786839910420/b005cc9a-b42f-47d0-a154-34722c316ea0/base
2026/08/24 09:31:05 [24992] cd+++++++++ .git/refs/codex/turn-diffs/captures/1787561157944/
2026/08/24 09:31:05 [24992] cd+++++++++ .git/refs/codex/turn-diffs/captures/1787561157944/73fa9416-7f91-41dc-b672-7ad747e24a58/
2026/08/24 09:31:05 [24992] <f+++++++++ .git/refs/codex/turn-diffs/captures/1787561157944/73fa9416-7f91-41dc-b672-7ad747e24a58/base
2026/08/24 09:31:05 [24992] cd+++++++++ .git/refs/codex/turn-diffs/captures/1787562658178/
2026/08/24 09:31:05 [24992] cd+++++++++ .git/refs/codex/turn-diffs/captures/1787562658178/f305ae0a-acfa-44be-9138-f99606f75b33/
2026/08/24 09:31:05 [24992] <f+++++++++ .git/refs/codex/turn-diffs/captures/1787562658178/f305ae0a-acfa-44be-9138-f99606f75b33/base
2026/08/24 09:31:05 [24992] cd+++++++++ .git/refs/codex/turn-diffs/checkpoints/
2026/08/24 09:31:05 [24992] cd+++++++++ .git/refs/codex/turn-diffs/checkpoints/34b69fedb9216360737c44aad6b7518a12138b2f50d5dadd23e925971f8eb524/
2026/08/24 09:31:05 [24992] cd+++++++++ .git/refs/codex/turn-diffs/checkpoints/34b69fedb9216360737c44aad6b7518a12138b2f50d5dadd23e925971f8eb524/3c1905f27b42f5af0dc54d9561d052ebabea9c21c8adaa76870b25c34e4d4582/
2026/08/24 09:31:05 [24992] cd+++++++++ .git/refs/codex/turn-diffs/checkpoints/34b69fedb9216360737c44aad6b7518a12138b2f50d5dadd23e925971f8eb524/3c1905f27b42f5af0dc54d9561d052ebabea9c21c8adaa76870b25c34e4d4582/1787561512978/
2026/08/24 09:31:05 [24992] cd+++++++++ .git/refs/codex/turn-diffs/checkpoints/35d644a76b8f98416c2b1c1c20e13bac3d33a71c4f909629680371e8017b5bf3/
2026/08/24 09:31:05 [24992] cd+++++++++ .git/refs/codex/turn-diffs/checkpoints/35d644a76b8f98416c2b1c1c20e13bac3d33a71c4f909629680371e8017b5bf3/1ca1edf9f36f4f2d8d729c3f633f3c0c4ec241a6659ed1de86c2d8c06b830c4a/
2026/08/24 09:31:05 [24992] cd+++++++++ .git/refs/codex/turn-diffs/checkpoints/35d644a76b8f98416c2b1c1c20e13bac3d33a71c4f909629680371e8017b5bf3/1ca1edf9f36f4f2d8d729c3f633f3c0c4ec241a6659ed1de86c2d8c06b830c4a/1787339328308/
2026/08/24 09:31:05 [24992] cd+++++++++ .git/refs/codex/turn-diffs/checkpoints/35d644a76b8f98416c2b1c1c20e13bac3d33a71c4f909629680371e8017b5bf3/362eddfda7d9489572573a578ad039a30224d098d4671d4d5961ee04e07dd095/
2026/08/24 09:31:05 [24992] cd+++++++++ .git/refs/codex/turn-diffs/checkpoints/35d644a76b8f98416c2b1c1c20e13bac3d33a71c4f909629680371e8017b5bf3/362eddfda7d9489572573a578ad039a30224d098d4671d4d5961ee04e07dd095/1787339641201/
2026/08/24 09:31:05 [24992] cd+++++++++ .git/refs/codex/turn-diffs/checkpoints/35d644a76b8f98416c2b1c1c20e13bac3d33a71c4f909629680371e8017b5bf3/55b2b5097b3440dcffd19dde956e14da20ee58c285da43801324e8ccdc207a42/
2026/08/24 09:31:05 [24992] cd+++++++++ .git/refs/codex/turn-diffs/checkpoints/35d644a76b8f98416c2b1c1c20e13bac3d33a71c4f909629680371e8017b5bf3/55b2b5097b3440dcffd19dde956e14da20ee58c285da43801324e8ccdc207a42/1787351206251/
2026/08/24 09:31:05 [24992] cd+++++++++ .git/refs/codex/turn-diffs/checkpoints/35d644a76b8f98416c2b1c1c20e13bac3d33a71c4f909629680371e8017b5bf3/64bafe378dd07f5b912ab5a5f3cdd8e9a0c3088143332a3e6012c7d3cf15a2d4/
2026/08/24 09:31:05 [24992] cd+++++++++ .git/refs/codex/turn-diffs/checkpoints/35d644a76b8f98416c2b1c1c20e13bac3d33a71c4f909629680371e8017b5bf3/64bafe378dd07f5b912ab5a5f3cdd8e9a0c3088143332a3e6012c7d3cf15a2d4/1787352421006/
2026/08/24 09:31:05 [24992] cd+++++++++ .git/refs/codex/turn-diffs/checkpoints/35d644a76b8f98416c2b1c1c20e13bac3d33a71c4f909629680371e8017b5bf3/87f36fac270f6732599d95059c54e81d149fb414448f472fd072d6a7ac589587/
2026/08/24 09:31:05 [24992] cd+++++++++ .git/refs/codex/turn-diffs/checkpoints/35d644a76b8f98416c2b1c1c20e13bac3d33a71c4f909629680371e8017b5bf3/87f36fac270f6732599d95059c54e81d149fb414448f472fd072d6a7ac589587/1787345969033/
2026/08/24 09:31:05 [24992] cd+++++++++ .git/refs/codex/turn-diffs/checkpoints/35d644a76b8f98416c2b1c1c20e13bac3d33a71c4f909629680371e8017b5bf3/8a1e833424f6eb0250ef69f5fad964d892887b5e9b9d22a1e36c89a347a33f8a/
2026/08/24 09:31:05 [24992] cd+++++++++ .git/refs/codex/turn-diffs/checkpoints/35d644a76b8f98416c2b1c1c20e13bac3d33a71c4f909629680371e8017b5bf3/8a1e833424f6eb0250ef69f5fad964d892887b5e9b9d22a1e36c89a347a33f8a/1787340404597/
2026/08/24 09:31:05 [24992] cd+++++++++ .git/refs/codex/turn-diffs/checkpoints/35d644a76b8f98416c2b1c1c20e13bac3d33a71c4f909629680371e8017b5bf3/9946ede599f58a5406725d72e1a1e302992f57d8866d5b5d34db8f2897e0341e/
2026/08/24 09:31:05 [24992] cd+++++++++ .git/refs/codex/turn-diffs/checkpoints/35d644a76b8f98416c2b1c1c20e13bac3d33a71c4f909629680371e8017b5bf3/9946ede599f58a5406725d72e1a1e302992f57d8866d5b5d34db8f2897e0341e/1787340303776/
2026/08/24 09:31:05 [24992] cd+++++++++ .git/refs/codex/turn-diffs/checkpoints/35d644a76b8f98416c2b1c1c20e13bac3d33a71c4f909629680371e8017b5bf3/a58db533d963a0441668c0f0056b166ccf423d57212ab03dcf813c55b813cd86/
2026/08/24 09:31:05 [24992] cd+++++++++ .git/refs/codex/turn-diffs/checkpoints/35d644a76b8f98416c2b1c1c20e13bac3d33a71c4f909629680371e8017b5bf3/a58db533d963a0441668c0f0056b166ccf423d57212ab03dcf813c55b813cd86/1787352513635/
2026/08/24 09:31:05 [24992] cd+++++++++ .git/refs/codex/turn-diffs/checkpoints/35d644a76b8f98416c2b1c1c20e13bac3d33a71c4f909629680371e8017b5bf3/b4d57421a1be268a509d9a7ad8c6cf467e9db0df818c458f75f33818839baf30/
2026/08/24 09:31:05 [24992] cd+++++++++ .git/refs/codex/turn-diffs/checkpoints/35d644a76b8f98416c2b1c1c20e13bac3d33a71c4f909629680371e8017b5bf3/b4d57421a1be268a509d9a7ad8c6cf467e9db0df818c458f75f33818839baf30/1787339308026/
2026/08/24 09:31:05 [24992] cd+++++++++ .git/refs/codex/turn-diffs/checkpoints/35d644a76b8f98416c2b1c1c20e13bac3d33a71c4f909629680371e8017b5bf3/b914b2aef4ef51090735d15b0322f145e1be91d39a8db675b6b15e930d593dcf/
2026/08/24 09:31:05 [24992] cd+++++++++ .git/refs/codex/turn-diffs/checkpoints/35d644a76b8f98416c2b1c1c20e13bac3d33a71c4f909629680371e8017b5bf3/b914b2aef4ef51090735d15b0322f145e1be91d39a8db675b6b15e930d593dcf/1787343111131/
2026/08/24 09:31:05 [24992] cd+++++++++ .git/refs/codex/turn-diffs/checkpoints/35d644a76b8f98416c2b1c1c20e13bac3d33a71c4f909629680371e8017b5bf3/e36d2a76ffcdaa9118f4a2901f79ee1773c042bd2bbefb058cf701f07a5b110c/
2026/08/24 09:31:05 [24992] cd+++++++++ .git/refs/codex/turn-diffs/checkpoints/35d644a76b8f98416c2b1c1c20e13bac3d33a71c4f909629680371e8017b5bf3/e36d2a76ffcdaa9118f4a2901f79ee1773c042bd2bbefb058cf701f07a5b110c/1787352487753/
2026/08/24 09:31:05 [24992] cd+++++++++ .git/refs/codex/turn-diffs/checkpoints/35d644a76b8f98416c2b1c1c20e13bac3d33a71c4f909629680371e8017b5bf3/fe44ae941cdddeb6f26a22242a28356ce1ee5e414ca58bc4e258ec4aaac402ef/
2026/08/24 09:31:05 [24992] cd+++++++++ .git/refs/codex/turn-diffs/checkpoints/35d644a76b8f98416c2b1c1c20e13bac3d33a71c4f909629680371e8017b5bf3/fe44ae941cdddeb6f26a22242a28356ce1ee5e414ca58bc4e258ec4aaac402ef/1787348042805/
2026/08/24 09:31:05 [24992] cd+++++++++ .git/refs/codex/turn-diffs/checkpoints/678752b39f327eba4bed7f32c25bdb72d6c400c70c89e7dbbd366d08681fd121/
2026/08/24 09:31:05 [24992] cd+++++++++ .git/refs/codex/turn-diffs/checkpoints/678752b39f327eba4bed7f32c25bdb72d6c400c70c89e7dbbd366d08681fd121/5a94222402a1a24b23290d6b4941f6b6ce01ddc8c65beacf9cbbad1a5913f2dc/
2026/08/24 09:31:05 [24992] cd+++++++++ .git/refs/codex/turn-diffs/checkpoints/678752b39f327eba4bed7f32c25bdb72d6c400c70c89e7dbbd366d08681fd121/5a94222402a1a24b23290d6b4941f6b6ce01ddc8c65beacf9cbbad1a5913f2dc/1787560989523/
2026/08/24 09:31:05 [24992] cd+++++++++ .git/refs/codex/turn-diffs/checkpoints/67a96c5766b25c4a91bbc60e4aac0741f5193efc7d43056f5b648e5a9d805697/
2026/08/24 09:31:05 [24992] cd+++++++++ .git/refs/codex/turn-diffs/checkpoints/67a96c5766b25c4a91bbc60e4aac0741f5193efc7d43056f5b648e5a9d805697/18744cf82094969a26d011b6d4c35b8746d12db1ef0e708c60f869121d888e81/
2026/08/24 09:31:05 [24992] cd+++++++++ .git/refs/codex/turn-diffs/checkpoints/67a96c5766b25c4a91bbc60e4aac0741f5193efc7d43056f5b648e5a9d805697/18744cf82094969a26d011b6d4c35b8746d12db1ef0e708c60f869121d888e81/1786823510232/
2026/08/24 09:31:05 [24992] cd+++++++++ .git/refs/codex/turn-diffs/checkpoints/67a96c5766b25c4a91bbc60e4aac0741f5193efc7d43056f5b648e5a9d805697/23168557688bc5c03aab49d44a8e19833abaa7d0ff528212b4db54e1da27306f/
2026/08/24 09:31:05 [24992] cd+++++++++ .git/refs/codex/turn-diffs/checkpoints/67a96c5766b25c4a91bbc60e4aac0741f5193efc7d43056f5b648e5a9d805697/23168557688bc5c03aab49d44a8e19833abaa7d0ff528212b4db54e1da27306f/1786823472789/
2026/08/24 09:31:05 [24992] cd+++++++++ .git/refs/codex/turn-diffs/checkpoints/67a96c5766b25c4a91bbc60e4aac0741f5193efc7d43056f5b648e5a9d805697/38b73514597f654c7b3a4f53ce4046c837d5c1963ca41738058fda0c7c3c09bb/
2026/08/24 09:31:05 [24992] cd+++++++++ .git/refs/codex/turn-diffs/checkpoints/67a96c5766b25c4a91bbc60e4aac0741f5193efc7d43056f5b648e5a9d805697/38b73514597f654c7b3a4f53ce4046c837d5c1963ca41738058fda0c7c3c09bb/1786820192616/
2026/08/24 09:31:05 [24992] cd+++++++++ .git/refs/codex/turn-diffs/checkpoints/67a96c5766b25c4a91bbc60e4aac0741f5193efc7d43056f5b648e5a9d805697/6b1f3c1bf27cb25297f9ca7076d06692c50a8b6028b45eca25e01745e516ecb8/
2026/08/24 09:31:05 [24992] cd+++++++++ .git/refs/codex/turn-diffs/checkpoints/67a96c5766b25c4a91bbc60e4aac0741f5193efc7d43056f5b648e5a9d805697/6b1f3c1bf27cb25297f9ca7076d06692c50a8b6028b45eca25e01745e516ecb8/1786823418960/
2026/08/24 09:31:05 [24992] cd+++++++++ .git/refs/codex/turn-diffs/checkpoints/67a96c5766b25c4a91bbc60e4aac0741f5193efc7d43056f5b648e5a9d805697/9e14982c1d07e356947981e8ab2c6227a71c512a3b270163414d8720dfb19a15/
2026/08/24 09:31:05 [24992] cd+++++++++ .git/refs/codex/turn-diffs/checkpoints/67a96c5766b25c4a91bbc60e4aac0741f5193efc7d43056f5b648e5a9d805697/9e14982c1d07e356947981e8ab2c6227a71c512a3b270163414d8720dfb19a15/1786820987098/
2026/08/24 09:31:05 [24992] cd+++++++++ .git/refs/codex/turn-diffs/checkpoints/67a96c5766b25c4a91bbc60e4aac0741f5193efc7d43056f5b648e5a9d805697/a2185cc8df38cbfe0b2a709ee34bc9c69ee54973c5f55e6fa200f1256e54de55/
2026/08/24 09:31:05 [24992] cd+++++++++ .git/refs/codex/turn-diffs/checkpoints/67a96c5766b25c4a91bbc60e4aac0741f5193efc7d43056f5b648e5a9d805697/a2185cc8df38cbfe0b2a709ee34bc9c69ee54973c5f55e6fa200f1256e54de55/1786822399996/
2026/08/24 09:31:05 [24992] cd+++++++++ .git/refs/codex/turn-diffs/checkpoints/67a96c5766b25c4a91bbc60e4aac0741f5193efc7d43056f5b648e5a9d805697/a2a3b09219e7834ab75e5ef2d2a899cc1edb0bcb277f79d1e813d761ffa18a78/
2026/08/24 09:31:05 [24992] cd+++++++++ .git/refs/codex/turn-diffs/checkpoints/67a96c5766b25c4a91bbc60e4aac0741f5193efc7d43056f5b648e5a9d805697/a2a3b09219e7834ab75e5ef2d2a899cc1edb0bcb277f79d1e813d761ffa18a78/1786821370906/
2026/08/24 09:31:05 [24992] cd+++++++++ .git/refs/codex/turn-diffs/checkpoints/67a96c5766b25c4a91bbc60e4aac0741f5193efc7d43056f5b648e5a9d805697/e53335ff4184af4f208ba674ba8bd3e0d27ab7c664dd5f70c5ee232bf22140f8/
2026/08/24 09:31:05 [24992] cd+++++++++ .git/refs/codex/turn-diffs/checkpoints/67a96c5766b25c4a91bbc60e4aac0741f5193efc7d43056f5b648e5a9d805697/e53335ff4184af4f208ba674ba8bd3e0d27ab7c664dd5f70c5ee232bf22140f8/1786822921092/
2026/08/24 09:31:05 [24992] cd+++++++++ .git/refs/codex/turn-diffs/checkpoints/691ed14a7bae9b16edc89a36c7bf3b3f66586a2dd6ea13ad83458167d30ba7d5/
2026/08/24 09:31:05 [24992] cd+++++++++ .git/refs/codex/turn-diffs/checkpoints/691ed14a7bae9b16edc89a36c7bf3b3f66586a2dd6ea13ad83458167d30ba7d5/100dc15803f558b891dce92163be2b48ccb517cf7d5a50d8d64e2b22f74b9729/
2026/08/24 09:31:05 [24992] cd+++++++++ .git/refs/codex/turn-diffs/checkpoints/691ed14a7bae9b16edc89a36c7bf3b3f66586a2dd6ea13ad83458167d30ba7d5/100dc15803f558b891dce92163be2b48ccb517cf7d5a50d8d64e2b22f74b9729/1787560621499/
2026/08/24 09:31:05 [24992] cd+++++++++ .git/refs/codex/turn-diffs/checkpoints/691ed14a7bae9b16edc89a36c7bf3b3f66586a2dd6ea13ad83458167d30ba7d5/21c4a018891487f007e0bb08aef7435bd0c55b50b62c2ff8c27efc3ac6baab60/
2026/08/24 09:31:05 [24992] cd+++++++++ .git/refs/codex/turn-diffs/checkpoints/691ed14a7bae9b16edc89a36c7bf3b3f66586a2dd6ea13ad83458167d30ba7d5/21c4a018891487f007e0bb08aef7435bd0c55b50b62c2ff8c27efc3ac6baab60/1787559829247/
2026/08/24 09:31:05 [24992] cd+++++++++ .git/refs/codex/turn-diffs/checkpoints/8b9d387c014ac07926c58d00a00a4d6876c0cfb574146456b74e80b99fec3552/
2026/08/24 09:31:05 [24992] cd+++++++++ .git/refs/codex/turn-diffs/checkpoints/8b9d387c014ac07926c58d00a00a4d6876c0cfb574146456b74e80b99fec3552/0c0e4f35f970a5e9fcce7792f7b682f373add2471cc0b24cf67932ef0b096377/
2026/08/24 09:31:05 [24992] cd+++++++++ .git/refs/codex/turn-diffs/checkpoints/8b9d387c014ac07926c58d00a00a4d6876c0cfb574146456b74e80b99fec3552/0c0e4f35f970a5e9fcce7792f7b682f373add2471cc0b24cf67932ef0b096377/1787476196940/
2026/08/24 09:31:05 [24992] cd+++++++++ .git/refs/codex/turn-diffs/checkpoints/8b9d387c014ac07926c58d00a00a4d6876c0cfb574146456b74e80b99fec3552/6dd33331e85ac7fe883ea3907cbd94bcecabd6088433542d234c7d2d9355ece5/
2026/08/24 09:31:05 [24992] cd+++++++++ .git/refs/codex/turn-diffs/checkpoints/8b9d387c014ac07926c58d00a00a4d6876c0cfb574146456b74e80b99fec3552/6dd33331e85ac7fe883ea3907cbd94bcecabd6088433542d234c7d2d9355ece5/1787475836255/
2026/08/24 09:31:05 [24992] cd+++++++++ .git/refs/codex/turn-diffs/checkpoints/8b9d387c014ac07926c58d00a00a4d6876c0cfb574146456b74e80b99fec3552/feb7ea9b3eedccf1b5f1f0bc6b7ccb5f36f3047f90c5ac864f855092195cadca/
2026/08/24 09:31:05 [24992] cd+++++++++ .git/refs/codex/turn-diffs/checkpoints/8b9d387c014ac07926c58d00a00a4d6876c0cfb574146456b74e80b99fec3552/feb7ea9b3eedccf1b5f1f0bc6b7ccb5f36f3047f90c5ac864f855092195cadca/1787475438329/
2026/08/24 09:31:05 [24992] cd+++++++++ .git/refs/codex/turn-diffs/checkpoints/9573eee1db0333879209b352b86390c267872def0205170a9191cc91d8fd011e/
2026/08/24 09:31:05 [24992] cd+++++++++ .git/refs/codex/turn-diffs/checkpoints/9573eee1db0333879209b352b86390c267872def0205170a9191cc91d8fd011e/2c05393ae7788de1017fbad4e883030505434eaf77030f32bec742f0a8a718ac/
2026/08/24 09:31:05 [24992] cd+++++++++ .git/refs/codex/turn-diffs/checkpoints/9573eee1db0333879209b352b86390c267872def0205170a9191cc91d8fd011e/2c05393ae7788de1017fbad4e883030505434eaf77030f32bec742f0a8a718ac/1787522902055/
2026/08/24 09:31:05 [24992] cd+++++++++ .git/refs/codex/turn-diffs/checkpoints/9573eee1db0333879209b352b86390c267872def0205170a9191cc91d8fd011e/2e122064a7b59181e7a388b10c7d029550dad891bc6d7115d66bd00363134cac/
2026/08/24 09:31:05 [24992] cd+++++++++ .git/refs/codex/turn-diffs/checkpoints/9573eee1db0333879209b352b86390c267872def0205170a9191cc91d8fd011e/2e122064a7b59181e7a388b10c7d029550dad891bc6d7115d66bd00363134cac/1787523468460/
2026/08/24 09:31:05 [24992] cd+++++++++ .git/refs/codex/turn-diffs/checkpoints/9573eee1db0333879209b352b86390c267872def0205170a9191cc91d8fd011e/30a492b16362d5df7422ada0990457c4df0bcf1004d05ba316df393cbfa06914/
2026/08/24 09:31:05 [24992] cd+++++++++ .git/refs/codex/turn-diffs/checkpoints/9573eee1db0333879209b352b86390c267872def0205170a9191cc91d8fd011e/30a492b16362d5df7422ada0990457c4df0bcf1004d05ba316df393cbfa06914/1787522850516/
2026/08/24 09:31:05 [24992] cd+++++++++ .git/refs/codex/turn-diffs/checkpoints/9573eee1db0333879209b352b86390c267872def0205170a9191cc91d8fd011e/47359cc4ba3d73230505dee57dc6229d6eeabf7d7f6a888c2ea934f3d8adef3a/
2026/08/24 09:31:05 [24992] cd+++++++++ .git/refs/codex/turn-diffs/checkpoints/9573eee1db0333879209b352b86390c267872def0205170a9191cc91d8fd011e/47359cc4ba3d73230505dee57dc6229d6eeabf7d7f6a888c2ea934f3d8adef3a/1787509017506/
2026/08/24 09:31:05 [24992] cd+++++++++ .git/refs/codex/turn-diffs/checkpoints/9573eee1db0333879209b352b86390c267872def0205170a9191cc91d8fd011e/61a9e62fb09856afe9056444ad4e3099b8ded84a1dc21d82a81e1bc7516be37e/
2026/08/24 09:31:05 [24992] cd+++++++++ .git/refs/codex/turn-diffs/checkpoints/9573eee1db0333879209b352b86390c267872def0205170a9191cc91d8fd011e/61a9e62fb09856afe9056444ad4e3099b8ded84a1dc21d82a81e1bc7516be37e/1787522881289/
2026/08/24 09:31:05 [24992] cd+++++++++ .git/refs/codex/turn-diffs/checkpoints/9573eee1db0333879209b352b86390c267872def0205170a9191cc91d8fd011e/6b17b0658a8a218a89e3cd5d5d453cbd4cef15fe421a385c9ff9b582d9c01da3/
2026/08/24 09:31:05 [24992] cd+++++++++ .git/refs/codex/turn-diffs/checkpoints/9573eee1db0333879209b352b86390c267872def0205170a9191cc91d8fd011e/6b17b0658a8a218a89e3cd5d5d453cbd4cef15fe421a385c9ff9b582d9c01da3/1787522718703/
2026/08/24 09:31:05 [24992] cd+++++++++ .git/refs/codex/turn-diffs/checkpoints/9573eee1db0333879209b352b86390c267872def0205170a9191cc91d8fd011e/897ccd21ff0b6c1b722cd2420c033682c9d8f7175049cccb36f2ed264afb0bac/
2026/08/24 09:31:05 [24992] cd+++++++++ .git/refs/codex/turn-diffs/checkpoints/9573eee1db0333879209b352b86390c267872def0205170a9191cc91d8fd011e/897ccd21ff0b6c1b722cd2420c033682c9d8f7175049cccb36f2ed264afb0bac/1787521042345/
2026/08/24 09:31:05 [24992] cd+++++++++ .git/refs/codex/turn-diffs/checkpoints/9573eee1db0333879209b352b86390c267872def0205170a9191cc91d8fd011e/9b7561c022703ad5810bf5800a4e22298589b2ec35355cc3a7563a2bd20ddae7/
2026/08/24 09:31:05 [24992] cd+++++++++ .git/refs/codex/turn-diffs/checkpoints/9573eee1db0333879209b352b86390c267872def0205170a9191cc91d8fd011e/9b7561c022703ad5810bf5800a4e22298589b2ec35355cc3a7563a2bd20ddae7/1787523520370/
2026/08/24 09:31:05 [24992] cd+++++++++ .git/refs/codex/turn-diffs/checkpoints/9573eee1db0333879209b352b86390c267872def0205170a9191cc91d8fd011e/bc749874a82398244a91516d8e8ce364cbcb930eb0b90e7109deb844c3595b34/
2026/08/24 09:31:05 [24992] cd+++++++++ .git/refs/codex/turn-diffs/checkpoints/9573eee1db0333879209b352b86390c267872def0205170a9191cc91d8fd011e/bc749874a82398244a91516d8e8ce364cbcb930eb0b90e7109deb844c3595b34/1787522863091/
2026/08/24 09:31:05 [24992] cd+++++++++ .git/refs/codex/turn-diffs/checkpoints/9573eee1db0333879209b352b86390c267872def0205170a9191cc91d8fd011e/f069d8d5c53aa83face6ec82b8ac25ceac7362bde7f9b4aba2df86cecf9567bc/
2026/08/24 09:31:05 [24992] cd+++++++++ .git/refs/codex/turn-diffs/checkpoints/9573eee1db0333879209b352b86390c267872def0205170a9191cc91d8fd011e/f069d8d5c53aa83face6ec82b8ac25ceac7362bde7f9b4aba2df86cecf9567bc/1787519526198/
2026/08/24 09:31:05 [24992] cd+++++++++ .git/refs/codex/turn-diffs/checkpoints/9573eee1db0333879209b352b86390c267872def0205170a9191cc91d8fd011e/f0ab6fdf1159fc6e76696c1cf7ac145dd3fa64ae0bad6486bc6c85528e346a91/
2026/08/24 09:31:05 [24992] cd+++++++++ .git/refs/codex/turn-diffs/checkpoints/9573eee1db0333879209b352b86390c267872def0205170a9191cc91d8fd011e/f0ab6fdf1159fc6e76696c1cf7ac145dd3fa64ae0bad6486bc6c85528e346a91/1787519308271/
2026/08/24 09:31:05 [24992] cd+++++++++ .git/refs/codex/turn-diffs/checkpoints/9e4be4d44ad72c0b5388de3017adfeca101c9cea78bc1e0929c0b01680807e49/
2026/08/24 09:31:05 [24992] cd+++++++++ .git/refs/codex/turn-diffs/checkpoints/9e4be4d44ad72c0b5388de3017adfeca101c9cea78bc1e0929c0b01680807e49/2f2d42634c87c913ece213e3075b7013c780e9b68e4496eb1aaa89960e8f51bc/
2026/08/24 09:31:05 [24992] cd+++++++++ .git/refs/codex/turn-diffs/checkpoints/9e4be4d44ad72c0b5388de3017adfeca101c9cea78bc1e0929c0b01680807e49/2f2d42634c87c913ece213e3075b7013c780e9b68e4496eb1aaa89960e8f51bc/1786838094288/
2026/08/24 09:31:05 [24992] cd+++++++++ .git/refs/codex/turn-diffs/checkpoints/9e4be4d44ad72c0b5388de3017adfeca101c9cea78bc1e0929c0b01680807e49/617ec949d2de5e5a0b03fcf40785054cc1579bf7f8ca74a3d6e197e1d89450ef/
2026/08/24 09:31:05 [24992] cd+++++++++ .git/refs/codex/turn-diffs/checkpoints/9e4be4d44ad72c0b5388de3017adfeca101c9cea78bc1e0929c0b01680807e49/617ec949d2de5e5a0b03fcf40785054cc1579bf7f8ca74a3d6e197e1d89450ef/1786838585679/
2026/08/24 09:31:05 [24992] cd+++++++++ .git/refs/codex/turn-diffs/checkpoints/9e4be4d44ad72c0b5388de3017adfeca101c9cea78bc1e0929c0b01680807e49/8c5ea7d10fce55402aa1462d0909b25939bafa8ccdb9e486bf1422cbe59272e6/
2026/08/24 09:31:05 [24992] cd+++++++++ .git/refs/codex/turn-diffs/checkpoints/9e4be4d44ad72c0b5388de3017adfeca101c9cea78bc1e0929c0b01680807e49/8c5ea7d10fce55402aa1462d0909b25939bafa8ccdb9e486bf1422cbe59272e6/1786839129920/
2026/08/24 09:31:05 [24992] cd+++++++++ .git/refs/codex/turn-diffs/checkpoints/9e4be4d44ad72c0b5388de3017adfeca101c9cea78bc1e0929c0b01680807e49/aef7608daeae0339bd1d2e91ac371cae7a1a4bfa02510cc079c5cad08e3e68f4/
2026/08/24 09:31:05 [24992] cd+++++++++ .git/refs/codex/turn-diffs/checkpoints/9e4be4d44ad72c0b5388de3017adfeca101c9cea78bc1e0929c0b01680807e49/aef7608daeae0339bd1d2e91ac371cae7a1a4bfa02510cc079c5cad08e3e68f4/1786836286592/
2026/08/24 09:31:05 [24992] cd+++++++++ .git/refs/codex/turn-diffs/checkpoints/9e4be4d44ad72c0b5388de3017adfeca101c9cea78bc1e0929c0b01680807e49/dda30401170b3a0b1f55d10378a44d71519e62a01861d5baa87999bfc3c457a8/
2026/08/24 09:31:05 [24992] cd+++++++++ .git/refs/codex/turn-diffs/checkpoints/9e4be4d44ad72c0b5388de3017adfeca101c9cea78bc1e0929c0b01680807e49/dda30401170b3a0b1f55d10378a44d71519e62a01861d5baa87999bfc3c457a8/1786837772540/
2026/08/24 09:31:05 [24992] cd+++++++++ .git/refs/codex/turn-diffs/checkpoints/9e4be4d44ad72c0b5388de3017adfeca101c9cea78bc1e0929c0b01680807e49/e10d374a5685546d8539e295c69c49e183de3daf3dfcbbe6df0c05d6d7cdd4c4/
2026/08/24 09:31:05 [24992] cd+++++++++ .git/refs/codex/turn-diffs/checkpoints/9e4be4d44ad72c0b5388de3017adfeca101c9cea78bc1e0929c0b01680807e49/e10d374a5685546d8539e295c69c49e183de3daf3dfcbbe6df0c05d6d7cdd4c4/1786838271390/
2026/08/24 09:31:05 [24992] cd+++++++++ .git/refs/codex/turn-diffs/checkpoints/b01dbf5e589ffe5f518d692d1124545b69e526ed52bc96561b73e5454abf42d9/
2026/08/24 09:31:05 [24992] cd+++++++++ .git/refs/codex/turn-diffs/checkpoints/b01dbf5e589ffe5f518d692d1124545b69e526ed52bc96561b73e5454abf42d9/df4794378b67508681e992338de7590624f050934ef499baaae45d74300e0a82/
2026/08/24 09:31:05 [24992] cd+++++++++ .git/refs/codex/turn-diffs/checkpoints/b01dbf5e589ffe5f518d692d1124545b69e526ed52bc96561b73e5454abf42d9/df4794378b67508681e992338de7590624f050934ef499baaae45d74300e0a82/1787505969299/
2026/08/24 09:31:05 [24992] cd+++++++++ .git/refs/codex/turn-diffs/checkpoints/b8a03ee0b0b95ae6d91d211b8229a65e2af3d58442f0251ca85438062a86e356/
2026/08/24 09:31:05 [24992] cd+++++++++ .git/refs/codex/turn-diffs/checkpoints/b8a03ee0b0b95ae6d91d211b8229a65e2af3d58442f0251ca85438062a86e356/18c6a24c1924afec48f627fa7374cd9fd0e8cdce6896215939320e9fc4776909/
2026/08/24 09:31:05 [24992] cd+++++++++ .git/refs/codex/turn-diffs/checkpoints/b8a03ee0b0b95ae6d91d211b8229a65e2af3d58442f0251ca85438062a86e356/18c6a24c1924afec48f627fa7374cd9fd0e8cdce6896215939320e9fc4776909/1786830664510/
2026/08/24 09:31:05 [24992] cd+++++++++ .git/refs/codex/turn-diffs/checkpoints/b8a03ee0b0b95ae6d91d211b8229a65e2af3d58442f0251ca85438062a86e356/2e695e554bca4cf17f006da4a4103d019c804903633ba1b55f33039c3fbc612a/
2026/08/24 09:31:05 [24992] cd+++++++++ .git/refs/codex/turn-diffs/checkpoints/b8a03ee0b0b95ae6d91d211b8229a65e2af3d58442f0251ca85438062a86e356/2e695e554bca4cf17f006da4a4103d019c804903633ba1b55f33039c3fbc612a/1786840987443/
2026/08/24 09:31:05 [24992] cd+++++++++ .git/refs/codex/turn-diffs/checkpoints/b8a03ee0b0b95ae6d91d211b8229a65e2af3d58442f0251ca85438062a86e356/3d2aa46e530c14296da33c5eeaa886a226c333f8b680156bfb7a0ca742f9714f/
2026/08/24 09:31:05 [24992] cd+++++++++ .git/refs/codex/turn-diffs/checkpoints/b8a03ee0b0b95ae6d91d211b8229a65e2af3d58442f0251ca85438062a86e356/3d2aa46e530c14296da33c5eeaa886a226c333f8b680156bfb7a0ca742f9714f/1786845111545/
2026/08/24 09:31:05 [24992] cd+++++++++ .git/refs/codex/turn-diffs/checkpoints/b8a03ee0b0b95ae6d91d211b8229a65e2af3d58442f0251ca85438062a86e356/4c64e711271cc61372f29a0cd60af9f3a4e226056aa371b27149a24f01934a9b/
2026/08/24 09:31:05 [24992] cd+++++++++ .git/refs/codex/turn-diffs/checkpoints/b8a03ee0b0b95ae6d91d211b8229a65e2af3d58442f0251ca85438062a86e356/4c64e711271cc61372f29a0cd60af9f3a4e226056aa371b27149a24f01934a9b/1786844989297/
2026/08/24 09:31:05 [24992] cd+++++++++ .git/refs/codex/turn-diffs/checkpoints/b8a03ee0b0b95ae6d91d211b8229a65e2af3d58442f0251ca85438062a86e356/6c5963fc94006b74cefc091af706b6e29626bbc86d92586bf4689f15cc950947/
2026/08/24 09:31:05 [24992] cd+++++++++ .git/refs/codex/turn-diffs/checkpoints/b8a03ee0b0b95ae6d91d211b8229a65e2af3d58442f0251ca85438062a86e356/6c5963fc94006b74cefc091af706b6e29626bbc86d92586bf4689f15cc950947/1786840925207/
2026/08/24 09:31:05 [24992] cd+++++++++ .git/refs/codex/turn-diffs/checkpoints/b8a03ee0b0b95ae6d91d211b8229a65e2af3d58442f0251ca85438062a86e356/6e6eea2bccba40da015eb3adafb18d64fdb59ff3cb7370d79b6f4fd99fc799cb/
2026/08/24 09:31:05 [24992] cd+++++++++ .git/refs/codex/turn-diffs/checkpoints/b8a03ee0b0b95ae6d91d211b8229a65e2af3d58442f0251ca85438062a86e356/6e6eea2bccba40da015eb3adafb18d64fdb59ff3cb7370d79b6f4fd99fc799cb/1786840961612/
2026/08/24 09:31:05 [24992] cd+++++++++ .git/refs/codex/turn-diffs/checkpoints/b8a03ee0b0b95ae6d91d211b8229a65e2af3d58442f0251ca85438062a86e356/74540996c37070a3e665ea2fca1ec907f9c7212aac3a8d3f6113d9254055008c/
2026/08/24 09:31:05 [24992] cd+++++++++ .git/refs/codex/turn-diffs/checkpoints/b8a03ee0b0b95ae6d91d211b8229a65e2af3d58442f0251ca85438062a86e356/74540996c37070a3e665ea2fca1ec907f9c7212aac3a8d3f6113d9254055008c/1786840544026/
2026/08/24 09:31:05 [24992] cd+++++++++ .git/refs/codex/turn-diffs/checkpoints/b8a03ee0b0b95ae6d91d211b8229a65e2af3d58442f0251ca85438062a86e356/79e2002d4858de25e1dd3d5bf061543c78032e4b808f7609c26ad3b4bfb3e235/
2026/08/24 09:31:05 [24992] cd+++++++++ .git/refs/codex/turn-diffs/checkpoints/b8a03ee0b0b95ae6d91d211b8229a65e2af3d58442f0251ca85438062a86e356/79e2002d4858de25e1dd3d5bf061543c78032e4b808f7609c26ad3b4bfb3e235/1786829043334/
2026/08/24 09:31:05 [24992] cd+++++++++ .git/refs/codex/turn-diffs/checkpoints/b8a03ee0b0b95ae6d91d211b8229a65e2af3d58442f0251ca85438062a86e356/81152c4e732062028e59204810a0a91c3149782402fa95a247b3bb0067550771/
2026/08/24 09:31:05 [24992] cd+++++++++ .git/refs/codex/turn-diffs/checkpoints/b8a03ee0b0b95ae6d91d211b8229a65e2af3d58442f0251ca85438062a86e356/81152c4e732062028e59204810a0a91c3149782402fa95a247b3bb0067550771/1786825625071/
2026/08/24 09:31:05 [24992] cd+++++++++ .git/refs/codex/turn-diffs/checkpoints/b8a03ee0b0b95ae6d91d211b8229a65e2af3d58442f0251ca85438062a86e356/8f822a2528e710aa24bad200eedbd5cc5dd75ec1cf0748a63d0717082c5d0029/
2026/08/24 09:31:05 [24992] cd+++++++++ .git/refs/codex/turn-diffs/checkpoints/b8a03ee0b0b95ae6d91d211b8229a65e2af3d58442f0251ca85438062a86e356/8f822a2528e710aa24bad200eedbd5cc5dd75ec1cf0748a63d0717082c5d0029/1786826190599/
2026/08/24 09:31:05 [24992] cd+++++++++ .git/refs/codex/turn-diffs/checkpoints/b8a03ee0b0b95ae6d91d211b8229a65e2af3d58442f0251ca85438062a86e356/90cfd99162aed3f565048b5511dc0eb617b0a80c6a15cc1d6503cbecd55a57cf/
2026/08/24 09:31:05 [24992] cd+++++++++ .git/refs/codex/turn-diffs/checkpoints/b8a03ee0b0b95ae6d91d211b8229a65e2af3d58442f0251ca85438062a86e356/90cfd99162aed3f565048b5511dc0eb617b0a80c6a15cc1d6503cbecd55a57cf/1786840378432/
2026/08/24 09:31:05 [24992] cd+++++++++ .git/refs/codex/turn-diffs/checkpoints/b8a03ee0b0b95ae6d91d211b8229a65e2af3d58442f0251ca85438062a86e356/cfe1ee2fbf2db2c99056daf9323f445796636fabf349326f065f26b0b21fa0dd/
2026/08/24 09:31:05 [24992] cd+++++++++ .git/refs/codex/turn-diffs/checkpoints/b8a03ee0b0b95ae6d91d211b8229a65e2af3d58442f0251ca85438062a86e356/cfe1ee2fbf2db2c99056daf9323f445796636fabf349326f065f26b0b21fa0dd/1786823788224/
2026/08/24 09:31:05 [24992] cd+++++++++ .git/refs/codex/turn-diffs/checkpoints/b8a03ee0b0b95ae6d91d211b8229a65e2af3d58442f0251ca85438062a86e356/d2f73500865ef2b1267524d6e9db2c6d6343d65f5c27a916c331bec726b652e6/
2026/08/24 09:31:05 [24992] cd+++++++++ .git/refs/codex/turn-diffs/checkpoints/b8a03ee0b0b95ae6d91d211b8229a65e2af3d58442f0251ca85438062a86e356/d2f73500865ef2b1267524d6e9db2c6d6343d65f5c27a916c331bec726b652e6/1786824887026/
2026/08/24 09:31:05 [24992] cd+++++++++ .git/refs/codex/turn-diffs/checkpoints/b8a03ee0b0b95ae6d91d211b8229a65e2af3d58442f0251ca85438062a86e356/e61e9486fd3f3dd09c86e41863b32ca03fe9d0a95cd5acc7f6a32b3e2fe3b0ec/
2026/08/24 09:31:05 [24992] cd+++++++++ .git/refs/codex/turn-diffs/checkpoints/b8a03ee0b0b95ae6d91d211b8229a65e2af3d58442f0251ca85438062a86e356/e61e9486fd3f3dd09c86e41863b32ca03fe9d0a95cd5acc7f6a32b3e2fe3b0ec/1786841026127/
2026/08/24 09:31:05 [24992] cd+++++++++ .git/refs/codex/turn-diffs/checkpoints/b8a03ee0b0b95ae6d91d211b8229a65e2af3d58442f0251ca85438062a86e356/fb2a1fd309cc2c73346aa2a1be549168ef1d30f34e18a12d988c088f427a6b98/
2026/08/24 09:31:05 [24992] cd+++++++++ .git/refs/codex/turn-diffs/checkpoints/b8a03ee0b0b95ae6d91d211b8229a65e2af3d58442f0251ca85438062a86e356/fb2a1fd309cc2c73346aa2a1be549168ef1d30f34e18a12d988c088f427a6b98/1786828136613/
2026/08/24 09:31:05 [24992] cd+++++++++ .git/refs/heads/
2026/08/24 09:31:05 [24992] <f+++++++++ .git/refs/heads/main
2026/08/24 09:31:05 [24992] cd+++++++++ .git/refs/remotes/
2026/08/24 09:31:05 [24992] cd+++++++++ .git/refs/remotes/origin/
2026/08/24 09:31:05 [24992] <f+++++++++ .git/refs/remotes/origin/HEAD
2026/08/24 09:31:05 [24992] <f+++++++++ .git/refs/remotes/origin/main
2026/08/24 09:31:05 [24992] cd+++++++++ .git/refs/tags/
2026/08/24 09:31:05 [24992] cd+++++++++ .git/worktrees/
2026/08/24 09:31:05 [24992] cd+++++++++ .git/worktrees/task_phase2_before_fixed/
2026/08/24 09:31:05 [24992] <f+++++++++ .git/worktrees/task_phase2_before_fixed/HEAD
2026/08/24 09:31:05 [24992] <f+++++++++ .git/worktrees/task_phase2_before_fixed/ORIG_HEAD
2026/08/24 09:31:05 [24992] <f+++++++++ .git/worktrees/task_phase2_before_fixed/commondir
2026/08/24 09:31:05 [24992] <f+++++++++ .git/worktrees/task_phase2_before_fixed/gitdir
2026/08/24 09:31:05 [24992] <f+++++++++ .git/worktrees/task_phase2_before_fixed/index
2026/08/24 09:31:05 [24992] cd+++++++++ .git/worktrees/task_phase2_before_fixed/logs/
2026/08/24 09:31:05 [24992] <f+++++++++ .git/worktrees/task_phase2_before_fixed/logs/HEAD
2026/08/24 09:31:05 [24992] cd+++++++++ benchmark/
2026/08/24 09:31:05 [24992] <f+++++++++ benchmark/bin_to_csv.py
2026/08/24 09:31:05 [24992] <f+++++++++ benchmark/decile.py
2026/08/24 09:31:05 [24992] <f+++++++++ benchmark/preflight_isolation.sh
2026/08/24 09:31:05 [24992] <f+++++++++ benchmark/run_once.sh
2026/08/24 09:31:05 [24992] <f+++++++++ benchmark/run_remote.sh
2026/08/24 09:31:05 [24992] <f+++++++++ benchmark/summarize.py
2026/08/24 09:31:05 [24992] <f+++++++++ benchmark/sweep_rate.sh
2026/08/24 09:31:05 [24992] <f+++++++++ benchmark/test_preflight_isolation.sh
2026/08/24 09:31:05 [24992] cd+++++++++ harness/
2026/08/24 09:31:05 [24992] <f+++++++++ harness/.gitignore
2026/08/24 09:31:05 [24992] <f+++++++++ harness/Makefile
2026/08/24 09:31:05 [24992] <f+++++++++ harness/README.md
2026/08/24 09:31:05 [24992] cd+++++++++ harness/bin/
2026/08/24 09:31:05 [24992] <f+++++++++ harness/bin/consumer
2026/08/24 09:31:05 [24992] <f+++++++++ harness/bin/producer
2026/08/24 09:31:05 [24992] <f+++++++++ harness/bin/receiver
2026/08/24 09:31:05 [24992] <f+++++++++ harness/bin/sender
2026/08/24 09:31:05 [24992] <f+++++++++ harness/bin/test_harness
2026/08/24 09:31:05 [24992] cd+++++++++ harness/include/
2026/08/24 09:31:05 [24992] <f+++++++++ harness/include/dedupe_window.h
2026/08/24 09:31:05 [24992] <f+++++++++ harness/include/fec.h
2026/08/24 09:31:05 [24992] <f+++++++++ harness/include/message.h
2026/08/24 09:31:05 [24992] <f+++++++++ harness/include/metrics.h
2026/08/24 09:31:05 [24992] <f+++++++++ harness/include/shm_ring.h
2026/08/24 09:31:05 [24992] <f+++++++++ harness/include/shm_segment.h
2026/08/24 09:31:05 [24992] <f+++++++++ harness/include/util.h
2026/08/24 09:31:05 [24992] cd+++++++++ harness/src/
2026/08/24 09:31:05 [24992] <f+++++++++ harness/src/consumer.cpp
2026/08/24 09:31:05 [24992] <f+++++++++ harness/src/producer.cpp
2026/08/24 09:31:05 [24992] <f+++++++++ harness/src/receiver.cpp
2026/08/24 09:31:05 [24992] <f+++++++++ harness/src/sender.cpp
2026/08/24 09:31:05 [24992] cd+++++++++ harness/test/
2026/08/24 09:31:05 [24992] <f+++++++++ harness/test/test_harness.cpp
2026/08/24 09:31:05 [24992] cd+++++++++ infra/
2026/08/24 09:31:05 [24992] <f+++++++++ infra/README_RUN.md
2026/08/24 09:31:05 [24992] <f+++++++++ infra/bootstrap.sh
2026/08/24 09:31:05 [24992] <f+++++++++ infra/provision.sh
2026/08/24 09:31:05 [24992] cd+++++++++ tools/
2026/08/24 09:31:05 [24992] <f+++++++++ tools/clock_probe.cpp
2026/08/24 09:31:06 [24992] sent 84196970 bytes  received 20321 bytes  total size 84654232
2026/08/24 09:31:07 [25005] rsync: connection unexpectedly closed (0 bytes received so far) [sender]
2026/08/24 09:31:07 [25005] sent 0 bytes  received 0 bytes  total size 0
2026/08/24 09:31:07 [25005] rsync error: unexplained error (code 255) at io.c(232) [sender=3.2.7]
2026/08/24 09:31:38 [25016] building file list
2026/08/24 09:31:38 [25016] cd+++++++++ ./
2026/08/24 09:31:38 [25016] <f+++++++++ .gitattributes
2026/08/24 09:31:38 [25016] <f+++++++++ .gitignore
2026/08/24 09:31:38 [25016] <f+++++++++ README.md
2026/08/24 09:31:38 [25016] <f+++++++++ README_en.md
2026/08/24 09:31:38 [25016] <f+++++++++ analysis.ipynb
2026/08/24 09:31:38 [25016] <f+++++++++ how_to_submit_solution.md
2026/08/24 09:31:38 [25016] <f+++++++++ how_to_submit_solution_en.md
2026/08/24 09:31:38 [25016] <f+++++++++ summary.csv
2026/08/24 09:31:38 [25016] cd+++++++++ "/
2026/08/24 09:31:38 [25016] cd+++++++++ "/"/
2026/08/24 09:31:38 [25016] cd+++++++++ .git/
2026/08/24 09:31:38 [25016] <f+++++++++ .git/COMMIT_EDITMSG
2026/08/24 09:31:38 [25016] <f+++++++++ .git/HEAD
2026/08/24 09:31:38 [25016] <f+++++++++ .git/config
2026/08/24 09:31:38 [25016] <f+++++++++ .git/description
2026/08/24 09:31:38 [25016] <f+++++++++ .git/index
2026/08/24 09:31:38 [25016] <f+++++++++ .git/packed-refs
2026/08/24 09:31:38 [25016] cd+++++++++ .git/branches/
2026/08/24 09:31:38 [25016] cd+++++++++ .git/gk/
2026/08/24 09:31:38 [25016] <f+++++++++ .git/gk/config
2026/08/24 09:31:38 [25016] cd+++++++++ .git/hooks/
2026/08/24 09:31:38 [25016] <f+++++++++ .git/hooks/applypatch-msg.sample
2026/08/24 09:31:38 [25016] <f+++++++++ .git/hooks/commit-msg.sample
2026/08/24 09:31:38 [25016] <f+++++++++ .git/hooks/fsmonitor-watchman.sample
2026/08/24 09:31:38 [25016] <f+++++++++ .git/hooks/post-update.sample
2026/08/24 09:31:38 [25016] <f+++++++++ .git/hooks/pre-applypatch.sample
2026/08/24 09:31:38 [25016] <f+++++++++ .git/hooks/pre-commit.sample
2026/08/24 09:31:38 [25016] <f+++++++++ .git/hooks/pre-merge-commit.sample
2026/08/24 09:31:38 [25016] <f+++++++++ .git/hooks/pre-push.sample
2026/08/24 09:31:38 [25016] <f+++++++++ .git/hooks/pre-rebase.sample
2026/08/24 09:31:38 [25016] <f+++++++++ .git/hooks/pre-receive.sample
2026/08/24 09:31:38 [25016] <f+++++++++ .git/hooks/prepare-commit-msg.sample
2026/08/24 09:31:38 [25016] <f+++++++++ .git/hooks/push-to-checkout.sample
2026/08/24 09:31:38 [25016] <f+++++++++ .git/hooks/sendemail-validate.sample
2026/08/24 09:31:38 [25016] <f+++++++++ .git/hooks/update.sample
2026/08/24 09:31:38 [25016] cd+++++++++ .git/info/
2026/08/24 09:31:38 [25016] <f+++++++++ .git/info/exclude
2026/08/24 09:31:38 [25016] cd+++++++++ .git/logs/
2026/08/24 09:31:38 [25016] <f+++++++++ .git/logs/HEAD
2026/08/24 09:31:38 [25016] cd+++++++++ .git/logs/refs/
2026/08/24 09:31:38 [25016] cd+++++++++ .git/logs/refs/heads/
2026/08/24 09:31:38 [25016] <f+++++++++ .git/logs/refs/heads/main
2026/08/24 09:31:38 [25016] cd+++++++++ .git/logs/refs/remotes/
2026/08/24 09:31:38 [25016] cd+++++++++ .git/logs/refs/remotes/origin/
2026/08/24 09:31:38 [25016] <f+++++++++ .git/logs/refs/remotes/origin/HEAD
2026/08/24 09:31:38 [25016] <f+++++++++ .git/logs/refs/remotes/origin/main
2026/08/24 09:31:38 [25016] cd+++++++++ .git/objects/
2026/08/24 09:31:38 [25016] cd+++++++++ .git/objects/00/
2026/08/24 09:31:38 [25016] <f+++++++++ .git/objects/00/375982d4870e7ab0afc48a0c0969938185ba52
2026/08/24 09:31:38 [25016] <f+++++++++ .git/objects/00/4c342a978acd9195aa2429a167ef34ddb9a7f8
2026/08/24 09:31:38 [25016] <f+++++++++ .git/objects/00/6ff899bc0860c0d1ae19caddf0691d4b338bdf
2026/08/24 09:31:38 [25016] <f+++++++++ .git/objects/00/e2e89c667c04204f33edfeaccc0e980b083785
2026/08/24 09:31:38 [25016] <f+++++++++ .git/objects/00/e5492d07c0cdcfb06c514cceb15f61f575d5b6
2026/08/24 09:31:38 [25016] cd+++++++++ .git/objects/01/
2026/08/24 09:31:38 [25016] <f+++++++++ .git/objects/01/801aee9ba5bee9a588596e554c4a03c999a965
2026/08/24 09:31:38 [25016] <f+++++++++ .git/objects/01/a8116a1ef664d46023e258f3d78b673b00d1e3
2026/08/24 09:31:38 [25016] cd+++++++++ .git/objects/02/
2026/08/24 09:31:38 [25016] <f+++++++++ .git/objects/02/0e3bfc21b7012d99fe8168bbfd3c3195ce0990
2026/08/24 09:31:38 [25016] <f+++++++++ .git/objects/02/22b940831b19b610d7bf8e1c43ec76731f63dd
2026/08/24 09:31:38 [25016] <f+++++++++ .git/objects/02/5a62bac612182953a6659107b4e0e61e60c8d0
2026/08/24 09:31:38 [25016] <f+++++++++ .git/objects/02/6a1938e8c1d5cfbf87cb215eb6bc27bcf444c8
2026/08/24 09:31:38 [25016] <f+++++++++ .git/objects/02/72c6db6cdb40ebafe38841928c6e8cbdf4fd58
2026/08/24 09:31:38 [25016] <f+++++++++ .git/objects/02/da98438282c4bcd02a768d6d0514068a758cfe
2026/08/24 09:31:38 [25016] <f+++++++++ .git/objects/02/dbcbb2da0d26a0b889d9731df112eae8ecada3
2026/08/24 09:31:38 [25016] <f+++++++++ .git/objects/02/f2754f61d44c5949157f3e14e2f0773c115781
2026/08/24 09:31:38 [25016] cd+++++++++ .git/objects/03/
2026/08/24 09:31:38 [25016] <f+++++++++ .git/objects/03/39d509f4dcdd1979a44b4780b34a3b77ec9346
2026/08/24 09:31:38 [25016] <f+++++++++ .git/objects/03/5d1e4a7fc0d3885365c84d297f40487bcedea9
2026/08/24 09:31:38 [25016] <f+++++++++ .git/objects/03/d921d793c119f099acb57252573d99b454d523
2026/08/24 09:31:38 [25016] <f+++++++++ .git/objects/03/f07f4e95424d5795ee8dbfc8dc302ab8d317fb
2026/08/24 09:31:38 [25016] cd+++++++++ .git/objects/04/
2026/08/24 09:31:38 [25016] <f+++++++++ .git/objects/04/b619cf8e1558e27a02390891076d30d4a01227
2026/08/24 09:31:38 [25016] cd+++++++++ .git/objects/05/
2026/08/24 09:31:38 [25016] <f+++++++++ .git/objects/05/1453ecc4501896da65664c9362225034d6d88a
2026/08/24 09:31:38 [25016] <f+++++++++ .git/objects/05/20eec3e5ddf202d20b69d2aef7fdfefd646322
2026/08/24 09:31:38 [25016] <f+++++++++ .git/objects/05/64643dbb36d28499b2d23886b4abd39403ce74
2026/08/24 09:31:38 [25016] <f+++++++++ .git/objects/05/6b2e3a5ce766ea904701bce4bf9ccdcb8889f7
2026/08/24 09:31:38 [25016] <f+++++++++ .git/objects/05/bc031a216d497aa1a9d9c045f213e61c1904c9
2026/08/24 09:31:38 [25016] cd+++++++++ .git/objects/06/
2026/08/24 09:31:38 [25016] <f+++++++++ .git/objects/06/18adc2417a3baa569b26763cf43bd647a3c820
2026/08/24 09:31:38 [25016] <f+++++++++ .git/objects/06/636d12e4a08429ac0e241210fbb76fc5fdaf82
2026/08/24 09:31:38 [25016] <f+++++++++ .git/objects/06/6868eeefb1e48ed73450057de27018665cd7e6
2026/08/24 09:31:38 [25016] cd+++++++++ .git/objects/07/
2026/08/24 09:31:38 [25016] <f+++++++++ .git/objects/07/211ef4f9b072e5b270c88df014cc43b1b28447
2026/08/24 09:31:38 [25016] <f+++++++++ .git/objects/07/3edebdbc7d3a2cf2a475f4ca9523c2c6390f0a
2026/08/24 09:31:38 [25016] <f+++++++++ .git/objects/07/621fe0754c75906737aedad78a376841ccb277
2026/08/24 09:31:38 [25016] cd+++++++++ .git/objects/08/
2026/08/24 09:31:38 [25016] <f+++++++++ .git/objects/08/25657842b9aad63966a8351c8f38788e744b8f
2026/08/24 09:31:38 [25016] <f+++++++++ .git/objects/08/5c0876a4dac1218f3d728c4d63de51d108e377
2026/08/24 09:31:38 [25016] <f+++++++++ .git/objects/08/5fd214812b6fa8292a96cd8fd42684485a8822
2026/08/24 09:31:38 [25016] <f+++++++++ .git/objects/08/7ca87d5770a463d0b9c63556bfc55e146a0124
2026/08/24 09:31:38 [25016] cd+++++++++ .git/objects/09/
2026/08/24 09:31:38 [25016] <f+++++++++ .git/objects/09/788b2e9794f3080ac3e7853bd3cc047879c2e4
2026/08/24 09:31:38 [25016] <f+++++++++ .git/objects/09/a663f304498cdddce216889f120be4fe050ca2
2026/08/24 09:31:38 [25016] <f+++++++++ .git/objects/09/ad8ff908a88a27e31dfe6efa66922fe1b0e926
2026/08/24 09:31:38 [25016] <f+++++++++ .git/objects/09/c60c35b72bc88b23cf1b5a3ef336004757c224
2026/08/24 09:31:38 [25016] <f+++++++++ .git/objects/09/e51994145d54029f625ae604dfcef842f1b0fe
2026/08/24 09:31:38 [25016] cd+++++++++ .git/objects/0a/
2026/08/24 09:31:38 [25016] <f+++++++++ .git/objects/0a/096b10b120259ed66949c9de018a2a163f68a4
2026/08/24 09:31:38 [25016] cd+++++++++ .git/objects/0b/
2026/08/24 09:31:38 [25016] <f+++++++++ .git/objects/0b/28bd85244de7cd23792700ac121bc7e640113e
2026/08/24 09:31:38 [25016] <f+++++++++ .git/objects/0b/336dcf59a52c978171782c566097eb055ca3a0
2026/08/24 09:31:38 [25016] <f+++++++++ .git/objects/0b/4c50e421bbf635f241aa19d7242534d16f069f
2026/08/24 09:31:38 [25016] <f+++++++++ .git/objects/0b/55ff985e5d1d3bf8134084d70bac04ce4bdee0
2026/08/24 09:31:38 [25016] cd+++++++++ .git/objects/0c/
2026/08/24 09:31:38 [25016] <f+++++++++ .git/objects/0c/54390fee6b39a2f78d0a4fd2cc03edcbe032e2
2026/08/24 09:31:38 [25016] <f+++++++++ .git/objects/0c/97212cff4e9e11fb3eeb33a7305ab5d24a788a
2026/08/24 09:31:38 [25016] cd+++++++++ .git/objects/0d/
2026/08/24 09:31:38 [25016] <f+++++++++ .git/objects/0d/00fd6b03c77cbec2c4ef94b8eb0fc45c7fdcf6
2026/08/24 09:31:38 [25016] <f+++++++++ .git/objects/0d/4df6481a257cb0747412751845106fc8495984
2026/08/24 09:31:38 [25016] <f+++++++++ .git/objects/0d/7077bcd4c29cdcb5319bfa79d9b7e491ea5e2b
2026/08/24 09:31:38 [25016] <f+++++++++ .git/objects/0d/964c40ac2c2e2e95e4de6f91e6945a2aa72085
2026/08/24 09:31:38 [25016] <f+++++++++ .git/objects/0d/f7c09857cad953a67cef1d3e142cdc0dbfd906
2026/08/24 09:31:38 [25016] <f+++++++++ .git/objects/0d/fab172de8f003c7055a8885f181ee7fedfdb5d
2026/08/24 09:31:38 [25016] cd+++++++++ .git/objects/0e/
2026/08/24 09:31:38 [25016] <f+++++++++ .git/objects/0e/1efbae0e2e6501a87a3304076b988f5fef040d
2026/08/24 09:31:38 [25016] <f+++++++++ .git/objects/0e/338c2ca9e7b0379382be05ea3205171156e623
2026/08/24 09:31:38 [25016] <f+++++++++ .git/objects/0e/64b58b1c2bce0b9d8dd75f8a6460c07f4b6d4f
2026/08/24 09:31:38 [25016] <f+++++++++ .git/objects/0e/8c17075684dac1f4cd54170e6f1c7564912b89
2026/08/24 09:31:38 [25016] <f+++++++++ .git/objects/0e/f5b272cabb2f24c87e0712250225f71fea79f8
2026/08/24 09:31:38 [25016] cd+++++++++ .git/objects/0f/
2026/08/24 09:31:38 [25016] <f+++++++++ .git/objects/0f/32167697f0e16a3a745e284402d2a4fbf21658
2026/08/24 09:31:38 [25016] <f+++++++++ .git/objects/0f/3e1780b5c049b73f897ca22384abff726df4a2
2026/08/24 09:31:38 [25016] <f+++++++++ .git/objects/0f/448704a53cc046d8ce6a381961fd0293c8e3e8
2026/08/24 09:31:38 [25016] cd+++++++++ .git/objects/10/
2026/08/24 09:31:38 [25016] <f+++++++++ .git/objects/10/f3c8ec368a32fba368f69608c88a8758411ac8
2026/08/24 09:31:38 [25016] <f+++++++++ .git/objects/10/fd66bff8fff205e0091afa02630eea65ff0f09
2026/08/24 09:31:38 [25016] cd+++++++++ .git/objects/11/
2026/08/24 09:31:38 [25016] <f+++++++++ .git/objects/11/6f02b2420047cd86c572df171fbd5d09796c92
2026/08/24 09:31:38 [25016] <f+++++++++ .git/objects/11/9e0e291e2c04e8704c8bdf05cd05ce41750c42
2026/08/24 09:31:38 [25016] cd+++++++++ .git/objects/12/
2026/08/24 09:31:38 [25016] <f+++++++++ .git/objects/12/14fd3c26252503c93f4e0183c3bc3b856d8483
2026/08/24 09:31:38 [25016] <f+++++++++ .git/objects/12/ca5606d82a9146e060fc77527dc7ad41cf665d
2026/08/24 09:31:38 [25016] cd+++++++++ .git/objects/13/
2026/08/24 09:31:38 [25016] <f+++++++++ .git/objects/13/1448f07aa202766a7e637a8f57fd41d002f036
2026/08/24 09:31:38 [25016] <f+++++++++ .git/objects/13/aaf24dab8cfd1ad0313c748bc5317e8e6382c3
2026/08/24 09:31:38 [25016] cd+++++++++ .git/objects/14/
2026/08/24 09:31:38 [25016] <f+++++++++ .git/objects/14/37a37bdd309f2af1c2e9ef19dc432d6ef1dc4b
2026/08/24 09:31:38 [25016] <f+++++++++ .git/objects/14/3e2fe988e6aa84b30b2fc4d1e178c7e3ccdcab
2026/08/24 09:31:38 [25016] <f+++++++++ .git/objects/14/4049eb827e48f63d8d47837968cec013cbff27
2026/08/24 09:31:38 [25016] <f+++++++++ .git/objects/14/6c57a9e7c4f1f24053d6d87348821d1a950d85
2026/08/24 09:31:38 [25016] <f+++++++++ .git/objects/14/6f686ba3a1a94e3f0dbb2a7b06c82fe92f0d67
2026/08/24 09:31:38 [25016] cd+++++++++ .git/objects/15/
2026/08/24 09:31:38 [25016] <f+++++++++ .git/objects/15/397f10372f94368bc2ab23dda2f96fb933b4a9
2026/08/24 09:31:38 [25016] <f+++++++++ .git/objects/15/47ca57b4302ddd8ceb21ef5ca84c270d68e450
2026/08/24 09:31:38 [25016] <f+++++++++ .git/objects/15/5f0ca496c056141063831c16b725ee1ed0ab72
2026/08/24 09:31:38 [25016] <f+++++++++ .git/objects/15/92e5e071c9c3d4fe6a0934a03aff098d62bb98
2026/08/24 09:31:38 [25016] <f+++++++++ .git/objects/15/97fcb78b9d2fddf88c7f5778ab5c66d9e9aec3
2026/08/24 09:31:38 [25016] cd+++++++++ .git/objects/16/
2026/08/24 09:31:38 [25016] <f+++++++++ .git/objects/16/94f7c541790e6d579ee5b4607d8887862b91c6
2026/08/24 09:31:38 [25016] cd+++++++++ .git/objects/17/
2026/08/24 09:31:38 [25016] <f+++++++++ .git/objects/17/24b1c76a1052510754123e19c0a1d7fdb3a8fa
2026/08/24 09:31:38 [25016] <f+++++++++ .git/objects/17/4b26b37f64490afeb824c7a63a71c0288dc1c8
2026/08/24 09:31:38 [25016] <f+++++++++ .git/objects/17/8e29f1c85b9570735b677d4ffe2bb734347238
2026/08/24 09:31:38 [25016] <f+++++++++ .git/objects/17/c40564827eeb90ba9dd981f1abb566ec3fe753
2026/08/24 09:31:38 [25016] <f+++++++++ .git/objects/17/d7e4535b3288a6bb77172837593c802d4c8e72
2026/08/24 09:31:38 [25016] cd+++++++++ .git/objects/18/
2026/08/24 09:31:38 [25016] <f+++++++++ .git/objects/18/5abe0e8c2819ea9410114245e98462387f86f6
2026/08/24 09:31:38 [25016] <f+++++++++ .git/objects/18/7be91ccb6d537984d9548b66ff5205372151d9
2026/08/24 09:31:38 [25016] <f+++++++++ .git/objects/18/d5095ee65ed81cabe1bbf9fd5bb3b49cd248ef
2026/08/24 09:31:38 [25016] <f+++++++++ .git/objects/18/e2147ee6f7c21520bd65c6fcf67cb8122d6c3c
2026/08/24 09:31:38 [25016] cd+++++++++ .git/objects/19/
2026/08/24 09:31:38 [25016] <f+++++++++ .git/objects/19/876294d7cc6da9dda1d0475bd7f43b771f4b54
2026/08/24 09:31:38 [25016] cd+++++++++ .git/objects/1a/
2026/08/24 09:31:38 [25016] <f+++++++++ .git/objects/1a/358b4b9f48c96bb392597289e7ce88c8460e3c
2026/08/24 09:31:38 [25016] <f+++++++++ .git/objects/1a/56a17a0b4f3b471b3d86a2aed1690eb41ccd5e
2026/08/24 09:31:38 [25016] <f+++++++++ .git/objects/1a/81c5f8860727f61242f2a5ff652b7c83a21600
2026/08/24 09:31:38 [25016] <f+++++++++ .git/objects/1a/efb4458991378117d32e8ef82279d8582e6474
2026/08/24 09:31:38 [25016] cd+++++++++ .git/objects/1b/
2026/08/24 09:31:38 [25016] <f+++++++++ .git/objects/1b/0cb4240e8d66f54024bcf01a352a812ad5726e
2026/08/24 09:31:38 [25016] cd+++++++++ .git/objects/1c/
2026/08/24 09:31:38 [25016] <f+++++++++ .git/objects/1c/1d17dbdef18a66c526049e45c758371b31a254
2026/08/24 09:31:38 [25016] <f+++++++++ .git/objects/1c/6ae2167860a202fe2f9a1c7f57f5604ae34ff8
2026/08/24 09:31:38 [25016] <f+++++++++ .git/objects/1c/8c88062e93b835cb6b338b2006a0908d1e13f1
2026/08/24 09:31:38 [25016] cd+++++++++ .git/objects/1d/
2026/08/24 09:31:38 [25016] <f+++++++++ .git/objects/1d/19664307702f63305d002ce317741fef0695dd
2026/08/24 09:31:38 [25016] <f+++++++++ .git/objects/1d/99ee6667ef8355b3d6fe6df04f060bba0aea5d
2026/08/24 09:31:38 [25016] <f+++++++++ .git/objects/1d/9e719355b57a9263121bd13f5b13bd4e31d826
2026/08/24 09:31:38 [25016] <f+++++++++ .git/objects/1d/a347441b6af0a5c5b48a8aa355825ed1c1c241
2026/08/24 09:31:38 [25016] <f+++++++++ .git/objects/1d/bb6b5508966e0eb2166a9c91c9d4a46eb9c8b6
2026/08/24 09:31:38 [25016] cd+++++++++ .git/objects/1e/
2026/08/24 09:31:38 [25016] <f+++++++++ .git/objects/1e/68e91ce9e5a9143fbd380324d4f2529de9695b
2026/08/24 09:31:38 [25016] <f+++++++++ .git/objects/1e/b3038301e6fa6884110153f18b298a800a9585
2026/08/24 09:31:38 [25016] cd+++++++++ .git/objects/1f/
2026/08/24 09:31:38 [25016] <f+++++++++ .git/objects/1f/0d186bb58bb1a26734532bc29031ee3c5e13df
2026/08/24 09:31:38 [25016] <f+++++++++ .git/objects/1f/1b114865396d4285fd1e72f86e5e54187e30a8
2026/08/24 09:31:38 [25016] <f+++++++++ .git/objects/1f/911d2922f84261f87b4ebf4a2905b89b802425
2026/08/24 09:31:38 [25016] <f+++++++++ .git/objects/1f/a90f436e3c3d5a8574e60618371ad55b5e4813
2026/08/24 09:31:38 [25016] cd+++++++++ .git/objects/20/
2026/08/24 09:31:38 [25016] <f+++++++++ .git/objects/20/2776562ddfdcfc49d8c6e45fc28d25bf9c511d
2026/08/24 09:31:38 [25016] <f+++++++++ .git/objects/20/77810ae5f7854dcc1c2adbbfb8726130c85827
2026/08/24 09:31:38 [25016] cd+++++++++ .git/objects/21/
2026/08/24 09:31:38 [25016] <f+++++++++ .git/objects/21/3592daf56385ccda77083a9b58f48faa79d51f
2026/08/24 09:31:38 [25016] <f+++++++++ .git/objects/21/3d530744153db493a13f484598546f88d6432f
2026/08/24 09:31:38 [25016] <f+++++++++ .git/objects/21/654333a51a08cadf281e7b852ed3416716b4a8
2026/08/24 09:31:38 [25016] <f+++++++++ .git/objects/21/857b78aa4d82c16e6d73e26554cc3d2a763ec0
2026/08/24 09:31:38 [25016] <f+++++++++ .git/objects/21/9df70e19eb19b8f9d5283fcd12a769d5e10336
2026/08/24 09:31:38 [25016] cd+++++++++ .git/objects/22/
2026/08/24 09:31:38 [25016] <f+++++++++ .git/objects/22/951a216684da5d4536d002531d8603df3fb3ca
2026/08/24 09:31:38 [25016] <f+++++++++ .git/objects/22/f8075e2a2b139d6b57d8ee1ba047e72639c2dc
2026/08/24 09:31:38 [25016] cd+++++++++ .git/objects/23/
2026/08/24 09:31:38 [25016] <f+++++++++ .git/objects/23/df589f4fe29f9c3eb73ada8584e8d493d09834
2026/08/24 09:31:38 [25016] <f+++++++++ .git/objects/23/e7d04bbf528119faf8427ea6c53ae5618197da
2026/08/24 09:31:38 [25016] cd+++++++++ .git/objects/24/
2026/08/24 09:31:38 [25016] <f+++++++++ .git/objects/24/354fd18f25eb94e42aa9d7e4646e9d8bb5ad78
2026/08/24 09:31:38 [25016] <f+++++++++ .git/objects/24/94e3eed3e57477268163953942740853cec0f9
2026/08/24 09:31:38 [25016] <f+++++++++ .git/objects/24/fa2aaa058badf29a8e54b6cbf6ba7e848959c0
2026/08/24 09:31:38 [25016] cd+++++++++ .git/objects/25/
2026/08/24 09:31:38 [25016] <f+++++++++ .git/objects/25/6fe5533647ce6b345d2458cb702d1e1396be51
2026/08/24 09:31:38 [25016] <f+++++++++ .git/objects/25/8b434fbb1ed73f72a0b92ffec347003338f649
2026/08/24 09:31:38 [25016] <f+++++++++ .git/objects/25/af4ecc8879412477930fec9f100122865b51d4
2026/08/24 09:31:38 [25016] cd+++++++++ .git/objects/26/
2026/08/24 09:31:38 [25016] <f+++++++++ .git/objects/26/4e9c00f61bd4ef9df3938a2a4f94ff917d821f
2026/08/24 09:31:38 [25016] <f+++++++++ .git/objects/26/8385101421081ee6aa07838cafd7ca0f404157
2026/08/24 09:31:38 [25016] <f+++++++++ .git/objects/26/e08ce8886b3eeeed1538d6c06b2fee70f4a751
2026/08/24 09:31:38 [25016] cd+++++++++ .git/objects/27/
2026/08/24 09:31:38 [25016] <f+++++++++ .git/objects/27/067afd70970132eba01f859c630ddb785b7d2b
2026/08/24 09:31:38 [25016] <f+++++++++ .git/objects/27/16889cff528bbc7d1c24faa4efd37eaa90537f
2026/08/24 09:31:38 [25016] <f+++++++++ .git/objects/27/1e4afef696cbc5cd8cf2dd83af332b64c7f0fc
2026/08/24 09:31:38 [25016] <f+++++++++ .git/objects/27/70dd1cfe5fbb3ac5b7b034d19314b774a49a1f
2026/08/24 09:31:38 [25016] <f+++++++++ .git/objects/27/cdfb3268f0372264bac4b51b86cc43cc9797fe
2026/08/24 09:31:38 [25016] cd+++++++++ .git/objects/28/
2026/08/24 09:31:38 [25016] <f+++++++++ .git/objects/28/6c99c732c667afa02f080fa76fbc4b2dae725f
2026/08/24 09:31:38 [25016] <f+++++++++ .git/objects/28/e83255d6a6f35ee97ab3408db0405a4639a582
2026/08/24 09:31:38 [25016] cd+++++++++ .git/objects/29/
2026/08/24 09:31:38 [25016] <f+++++++++ .git/objects/29/d6f3267489c3ab4e60c20c77854ab0429306bb
2026/08/24 09:31:38 [25016] cd+++++++++ .git/objects/2a/
2026/08/24 09:31:38 [25016] <f+++++++++ .git/objects/2a/1f704591cc3f71d4871af85811fc8b04e6e81c
2026/08/24 09:31:38 [25016] <f+++++++++ .git/objects/2a/3ca31e02857721d04f339f954e7eccb41c0351
2026/08/24 09:31:38 [25016] <f+++++++++ .git/objects/2a/60c40d36356b0d85a52ec59d0acafe208e6481
2026/08/24 09:31:38 [25016] <f+++++++++ .git/objects/2a/d2199a149e801b87b37ef19a50cb8379df39b8
2026/08/24 09:31:38 [25016] cd+++++++++ .git/objects/2c/
2026/08/24 09:31:38 [25016] <f+++++++++ .git/objects/2c/69b6779b1d027769d5843b5eb61c0b584b8ade
2026/08/24 09:31:38 [25016] <f+++++++++ .git/objects/2c/82791405ba9a04d3ea56fa542e8254ee0e0f08
2026/08/24 09:31:38 [25016] <f+++++++++ .git/objects/2c/977cf3e73212d5ed971a279ae0f095266fbe1d
2026/08/24 09:31:38 [25016] cd+++++++++ .git/objects/2d/
2026/08/24 09:31:38 [25016] <f+++++++++ .git/objects/2d/800d17d07e94ec878698567bad2010be47c905
2026/08/24 09:31:38 [25016] <f+++++++++ .git/objects/2d/c8aee490062f20542ecefb93b620d94e12b584
2026/08/24 09:31:38 [25016] cd+++++++++ .git/objects/2e/
2026/08/24 09:31:38 [25016] <f+++++++++ .git/objects/2e/024199cd82c766535bc2325a62dd9f46e57aa6
2026/08/24 09:31:38 [25016] <f+++++++++ .git/objects/2e/18356b6ba36a364a569c58b962c72a4b1640b5
2026/08/24 09:31:38 [25016] <f+++++++++ .git/objects/2e/628704e00cf866b01ce882bdd4c1be3de174f2
2026/08/24 09:31:38 [25016] <f+++++++++ .git/objects/2e/c3951635427a788542f393df714b6417b4d379
2026/08/24 09:31:38 [25016] <f+++++++++ .git/objects/2e/ff298ee7fcdc44126b55d6c10a1c48b2a94cba
2026/08/24 09:31:38 [25016] cd+++++++++ .git/objects/2f/
2026/08/24 09:31:38 [25016] <f+++++++++ .git/objects/2f/777f5959474ee20bfe21fbf3f184e21592d111
2026/08/24 09:31:38 [25016] <f+++++++++ .git/objects/2f/c42c2dc4dcadde4d19b66a279dde9eeb1a206a
2026/08/24 09:31:38 [25016] <f+++++++++ .git/objects/2f/eccc3a1decb4e0423b0488a723080474409f76
2026/08/24 09:31:38 [25016] cd+++++++++ .git/objects/30/
2026/08/24 09:31:38 [25016] <f+++++++++ .git/objects/30/0be488efd275ac3eba153b813eb41ee53ae771
2026/08/24 09:31:38 [25016] <f+++++++++ .git/objects/30/0fe5bf2d82b0361338062080c55017677077bd
2026/08/24 09:31:38 [25016] <f+++++++++ .git/objects/30/208d7fa2fceeae7e3152046b248f41a99e7c03
2026/08/24 09:31:38 [25016] <f+++++++++ .git/objects/30/84e789ed4d027ab95ed3668d4612044df6e91f
2026/08/24 09:31:38 [25016] <f+++++++++ .git/objects/30/d8b0c9ff2b78287ee8e8f9d30876c1c4115baa
2026/08/24 09:31:38 [25016] cd+++++++++ .git/objects/31/
2026/08/24 09:31:38 [25016] <f+++++++++ .git/objects/31/0997572265ea3cf05415b99393d4624760345c
2026/08/24 09:31:38 [25016] <f+++++++++ .git/objects/31/77c584f49769fbe91c3a3c9368bc2b953b7530
2026/08/24 09:31:38 [25016] <f+++++++++ .git/objects/31/bb82899d8a5d8cacf72d39d769436e62bbe76e
2026/08/24 09:31:38 [25016] cd+++++++++ .git/objects/32/
2026/08/24 09:31:38 [25016] <f+++++++++ .git/objects/32/1b885f8a3e62264cc626000f8c0fc20981f9eb
2026/08/24 09:31:38 [25016] <f+++++++++ .git/objects/32/4dcd7ad1da8244e3e9ef024ea4acaeb6323fb1
2026/08/24 09:31:38 [25016] cd+++++++++ .git/objects/33/
2026/08/24 09:31:38 [25016] <f+++++++++ .git/objects/33/5d916e62b6a673bd3a71f55b8dfc6a80cb426b
2026/08/24 09:31:38 [25016] <f+++++++++ .git/objects/33/7f1a036857ecfd050d5a4009f7111e516642fb
2026/08/24 09:31:38 [25016] <f+++++++++ .git/objects/33/d68aebdd9ccbc80d020a2a4b1db6582cca2de1
2026/08/24 09:31:38 [25016] cd+++++++++ .git/objects/34/
2026/08/24 09:31:38 [25016] <f+++++++++ .git/objects/34/2ff991dc1abec4395a7c032f662e5f2f131835
2026/08/24 09:31:38 [25016] <f+++++++++ .git/objects/34/70c61ddf9b7877eccfe0d8f5dd0f8a94a10e89
2026/08/24 09:31:38 [25016] <f+++++++++ .git/objects/34/b84f0a7a4f6e94dd3370f986462a272de852ed
2026/08/24 09:31:38 [25016] <f+++++++++ .git/objects/34/bb7869b93b949c74169574743017b17d2721ae
2026/08/24 09:31:38 [25016] <f+++++++++ .git/objects/34/c267fba3692e0ed78729ba54abf4846df8fa4f
2026/08/24 09:31:38 [25016] <f+++++++++ .git/objects/34/e9100ab24eb33bbf667adee4813be9e7fd18e2
2026/08/24 09:31:38 [25016] cd+++++++++ .git/objects/35/
2026/08/24 09:31:38 [25016] <f+++++++++ .git/objects/35/085f3cc5bdb500d9dcd03a70aaadf398f18941
2026/08/24 09:31:38 [25016] <f+++++++++ .git/objects/35/54d58e22d362528bcdbf85c04f2865f0b868e7
2026/08/24 09:31:38 [25016] cd+++++++++ .git/objects/36/
2026/08/24 09:31:38 [25016] <f+++++++++ .git/objects/36/1b6995ca67345b1bfd67c26a3db48b986d0004
2026/08/24 09:31:38 [25016] <f+++++++++ .git/objects/36/3196d3a3571d044272f496d53d51294eba6e2f
2026/08/24 09:31:38 [25016] <f+++++++++ .git/objects/36/ad12d1a1cbf7eb62e7ba7bbb2cd8b340966a6f
2026/08/24 09:31:38 [25016] cd+++++++++ .git/objects/37/
2026/08/24 09:31:38 [25016] <f+++++++++ .git/objects/37/09b8ff3d2f5d311cfa5356b218a484eced854d
2026/08/24 09:31:38 [25016] <f+++++++++ .git/objects/37/4a6770d4be0bbe407afc56b96c6c8611337b4e
2026/08/24 09:31:38 [25016] <f+++++++++ .git/objects/37/f88e69344abff2ca25c790367b744a0df7a7d1
2026/08/24 09:31:38 [25016] <f+++++++++ .git/objects/37/f98cf84a6ddc450892bb5f3c15b55a72ca3b66
2026/08/24 09:31:38 [25016] cd+++++++++ .git/objects/38/
2026/08/24 09:31:38 [25016] <f+++++++++ .git/objects/38/037bea655bf298d25039e053b40a4806bb2c35
2026/08/24 09:31:38 [25016] cd+++++++++ .git/objects/39/
2026/08/24 09:31:38 [25016] <f+++++++++ .git/objects/39/0747dc0a9a0ff9d1cbe601aa0669d996e52e5e
2026/08/24 09:31:38 [25016] <f+++++++++ .git/objects/39/ae9207af9757f93b8413bf4f0ccece3a0b171e
2026/08/24 09:31:38 [25016] cd+++++++++ .git/objects/3a/
2026/08/24 09:31:38 [25016] <f+++++++++ .git/objects/3a/53dc600a6b4d3ac8438dc564f3d7d4d12298d0
2026/08/24 09:31:38 [25016] cd+++++++++ .git/objects/3b/
2026/08/24 09:31:38 [25016] <f+++++++++ .git/objects/3b/b52bd3dfdff690c3e68cfad9e76c05e6139c9f
2026/08/24 09:31:38 [25016] cd+++++++++ .git/objects/3c/
2026/08/24 09:31:38 [25016] <f+++++++++ .git/objects/3c/b4aa921beb4351bf1a44799b801131033510d2
2026/08/24 09:31:38 [25016] cd+++++++++ .git/objects/3d/
2026/08/24 09:31:38 [25016] <f+++++++++ .git/objects/3d/4fed300f79ec7b2292fcd1b78e643c74f85192
2026/08/24 09:31:38 [25016] <f+++++++++ .git/objects/3d/6aedc5e7b0f4c0e436b02bc3b6b9c1aa0b5b6c
2026/08/24 09:31:38 [25016] <f+++++++++ .git/objects/3d/ce0a7705da571bfff02aae86fcf4de0fbe7255
2026/08/24 09:31:38 [25016] cd+++++++++ .git/objects/3e/
2026/08/24 09:31:38 [25016] <f+++++++++ .git/objects/3e/0213c2fa85ed460acef6e9f3b138e4115cfc59
2026/08/24 09:31:38 [25016] <f+++++++++ .git/objects/3e/0e813ca71dbbf5d2630c4260e8ee5165324118
2026/08/24 09:31:38 [25016] <f+++++++++ .git/objects/3e/4f5b6018fd97b421ff67e66a94d7bb3c8e2b25
2026/08/24 09:31:38 [25016] cd+++++++++ .git/objects/3f/
2026/08/24 09:31:38 [25016] <f+++++++++ .git/objects/3f/2695e74c9d796d2ed09332bdd47fea03b5ec44
2026/08/24 09:31:38 [25016] cd+++++++++ .git/objects/40/
2026/08/24 09:31:38 [25016] <f+++++++++ .git/objects/40/550f50495d1efac0d4eae5ef419df3ff1152a8
2026/08/24 09:31:38 [25016] <f+++++++++ .git/objects/40/645372cf19072e70ed876402e9f7c07bee5065
2026/08/24 09:31:38 [25016] <f+++++++++ .git/objects/40/a71a363e28642fb00c6fe99b5d97a4c78f6904
2026/08/24 09:31:38 [25016] <f+++++++++ .git/objects/40/ec9e880d50031863a901fc2fd910b191c7264e
2026/08/24 09:31:38 [25016] cd+++++++++ .git/objects/41/
2026/08/24 09:31:38 [25016] <f+++++++++ .git/objects/41/7208a5305aa31452f37b1d8e02ec973457bf48
2026/08/24 09:31:38 [25016] <f+++++++++ .git/objects/41/911db293cd7490bda45d788f96dc1ead83d310
2026/08/24 09:31:38 [25016] <f+++++++++ .git/objects/41/9122fbbc8c772c56481f16edbf28c3372127a7
2026/08/24 09:31:38 [25016] cd+++++++++ .git/objects/42/
2026/08/24 09:31:38 [25016] <f+++++++++ .git/objects/42/60312b8c0a30a800fd4e1be78774cb0074cfab
2026/08/24 09:31:38 [25016] <f+++++++++ .git/objects/42/65513e29bb8d7c9876c03965988560619b4ffd
2026/08/24 09:31:38 [25016] <f+++++++++ .git/objects/42/71977a5b4badd6716f5ec2ef1f9d4c5e78846a
2026/08/24 09:31:38 [25016] <f+++++++++ .git/objects/42/745e46a6fcdbff35db1a03f87eee9fb0d82df2
2026/08/24 09:31:38 [25016] <f+++++++++ .git/objects/42/a653438f7e297959e83b0185f49cac5c9b5b3e
2026/08/24 09:31:38 [25016] cd+++++++++ .git/objects/43/
2026/08/24 09:31:38 [25016] <f+++++++++ .git/objects/43/3c68b925e9011fefd5c3b8820bbf0b107c2ff2
2026/08/24 09:31:38 [25016] <f+++++++++ .git/objects/43/9afdc6601457120d916c0ff8f37083f8de2279
2026/08/24 09:31:38 [25016] <f+++++++++ .git/objects/43/f3f4c16b9feda224ac0dee59dab8b03538af73
2026/08/24 09:31:38 [25016] cd+++++++++ .git/objects/44/
2026/08/24 09:31:38 [25016] <f+++++++++ .git/objects/44/d2b08d92bebfbc883b84dd7bb88d217e2c481e
2026/08/24 09:31:38 [25016] cd+++++++++ .git/objects/45/
2026/08/24 09:31:38 [25016] <f+++++++++ .git/objects/45/13e86987d7ba09ff257cf4384e57da06cedf98
2026/08/24 09:31:38 [25016] <f+++++++++ .git/objects/45/4089ab15e7bcf213871e0fa72ebd40ff4a58e1
2026/08/24 09:31:38 [25016] <f+++++++++ .git/objects/45/7c46d52235efdd49ad59f6336095a83342b40d
2026/08/24 09:31:38 [25016] <f+++++++++ .git/objects/45/a407cba35170f374269b37db9b6fc6242bec95
2026/08/24 09:31:38 [25016] <f+++++++++ .git/objects/45/d780849a6ecccbf20489dcfbcc255df2fe7050
2026/08/24 09:31:38 [25016] cd+++++++++ .git/objects/46/
2026/08/24 09:31:38 [25016] <f+++++++++ .git/objects/46/3023df75e294741c32e664413bf4b758a6f2bf
2026/08/24 09:31:38 [25016] <f+++++++++ .git/objects/46/5d2a38b7413ce3f6c855334648a13751717fcf
2026/08/24 09:31:38 [25016] <f+++++++++ .git/objects/46/bdb302c0c0a71e0998bc047ef8fde5e52b9be2
2026/08/24 09:31:38 [25016] cd+++++++++ .git/objects/47/
2026/08/24 09:31:38 [25016] <f+++++++++ .git/objects/47/7d8735e4d3a315959c0f6f36df2a7106b26af7
2026/08/24 09:31:38 [25016] <f+++++++++ .git/objects/47/e2f2b692f93365a75517db3b6cb5a1156a64f2
2026/08/24 09:31:38 [25016] cd+++++++++ .git/objects/48/
2026/08/24 09:31:38 [25016] <f+++++++++ .git/objects/48/3ee0ca0f26f36177471a78eca8b98361e1d2cf
2026/08/24 09:31:38 [25016] <f+++++++++ .git/objects/48/5c657b0ef5f4a4ffbb8061149885758e9b4cea
2026/08/24 09:31:38 [25016] <f+++++++++ .git/objects/48/abdf3b95eaeb5d4e6b092257bcfd27b6d4937a
2026/08/24 09:31:38 [25016] <f+++++++++ .git/objects/48/b950fb1a5d2364bb59c65827b8af9e2a96dd5a
2026/08/24 09:31:38 [25016] <f+++++++++ .git/objects/48/fdcc53187c21fefd613697c141e04dbdc22a29
2026/08/24 09:31:38 [25016] <f+++++++++ .git/objects/48/ffd42be9bd3ed1891f0ad707693443e904a116
2026/08/24 09:31:38 [25016] cd+++++++++ .git/objects/49/
2026/08/24 09:31:38 [25016] <f+++++++++ .git/objects/49/2a223991237ea972400cbcc5fc96176e2a6aff
2026/08/24 09:31:38 [25016] <f+++++++++ .git/objects/49/9690538aff710c8071693c4e4052f6484e8b2b
2026/08/24 09:31:38 [25016] <f+++++++++ .git/objects/49/a384860f6ddba8762831a1ec1d1424f04d87a5
2026/08/24 09:31:38 [25016] <f+++++++++ .git/objects/49/d8c842c8edcf5c0c357c4399f3a9a1b7a8e136
2026/08/24 09:31:38 [25016] <f+++++++++ .git/objects/49/fcde1b8280a5b179ff111cf25601ff88ef4930
2026/08/24 09:31:38 [25016] cd+++++++++ .git/objects/4a/
2026/08/24 09:31:38 [25016] <f+++++++++ .git/objects/4a/0e1fb6b5334ef5653b5884f5a8e89e52729de7
2026/08/24 09:31:38 [25016] <f+++++++++ .git/objects/4a/cbfd4cc435b9c0091f42db8b7756044665b938
2026/08/24 09:31:38 [25016] cd+++++++++ .git/objects/4b/
2026/08/24 09:31:38 [25016] <f+++++++++ .git/objects/4b/04eb2d8bcf86c897e970fe8a90080d7c327686
2026/08/24 09:31:38 [25016] <f+++++++++ .git/objects/4b/336a029110d1584be4e9a4535d455ee6e58d7c
2026/08/24 09:31:38 [25016] <f+++++++++ .git/objects/4b/5e900320c24717f1f4e76d9d21d8551145d87e
2026/08/24 09:31:38 [25016] <f+++++++++ .git/objects/4b/79035da53671a84aec139e597396185ede6920
2026/08/24 09:31:38 [25016] <f+++++++++ .git/objects/4b/7ccd59f3523997a35b53342741c2c3f1c9ef45
2026/08/24 09:31:38 [25016] <f+++++++++ .git/objects/4b/889af1321c2f45a18a20c9622510f5de50fb1c
2026/08/24 09:31:38 [25016] <f+++++++++ .git/objects/4b/c379ef9a13694c533935dba44deaea2a272b86
2026/08/24 09:31:38 [25016] cd+++++++++ .git/objects/4c/
2026/08/24 09:31:38 [25016] <f+++++++++ .git/objects/4c/37f14a5c9a77c1de5e79aec917fedaf0edb64d
2026/08/24 09:31:38 [25016] <f+++++++++ .git/objects/4c/5e807535a5a869a354db4057990ddadafd0769
2026/08/24 09:31:38 [25016] <f+++++++++ .git/objects/4c/8d7bd6caa87d51e54f5d16f8cf5892bc77fb7e
2026/08/24 09:31:38 [25016] <f+++++++++ .git/objects/4c/f37c75b53bd707fa3ef8ecf2fad6dae17adcc3
2026/08/24 09:31:38 [25016] cd+++++++++ .git/objects/4d/
2026/08/24 09:31:38 [25016] <f+++++++++ .git/objects/4d/230e224879f0d33a9689c374eb04b818d6e9bb
2026/08/24 09:31:38 [25016] <f+++++++++ .git/objects/4d/9fb3b561246aa89606c1b8338fb0adcb87ddc7
2026/08/24 09:31:38 [25016] <f+++++++++ .git/objects/4d/f98c0718a07e3f434811b3d4a86b44ef88e44a
2026/08/24 09:31:38 [25016] <f+++++++++ .git/objects/4d/fd575497c8ab273111ca6e1b1fed6ebc13d200
2026/08/24 09:31:38 [25016] cd+++++++++ .git/objects/4e/
2026/08/24 09:31:38 [25016] <f+++++++++ .git/objects/4e/11f374a01d9092551ac684d2720df16c5f4af3
2026/08/24 09:31:38 [25016] <f+++++++++ .git/objects/4e/14a8417dac6aefac84ae0a972adc959d272d67
2026/08/24 09:31:38 [25016] <f+++++++++ .git/objects/4e/27d8776749d08ab2e6ce29b641978bab8c9bd9
2026/08/24 09:31:38 [25016] <f+++++++++ .git/objects/4e/d026021f4bc8f92f61f904e11c4ccfad3ffffc
2026/08/24 09:31:38 [25016] cd+++++++++ .git/objects/4f/
2026/08/24 09:31:38 [25016] <f+++++++++ .git/objects/4f/1aa1cbbb2e996ea1d860c47636f2370fca1e51
2026/08/24 09:31:38 [25016] <f+++++++++ .git/objects/4f/6ee551bfeb819c73429085f405ca326828b17c
2026/08/24 09:31:38 [25016] <f+++++++++ .git/objects/4f/fa8e086d15f7ef48d5545d04bd377bfe530c51
2026/08/24 09:31:38 [25016] cd+++++++++ .git/objects/50/
2026/08/24 09:31:38 [25016] <f+++++++++ .git/objects/50/1438dedf28783d484d643fe4a906f6750f4f8c
2026/08/24 09:31:38 [25016] <f+++++++++ .git/objects/50/aa036eca87179f292defa56da682dd774ed866
2026/08/24 09:31:38 [25016] <f+++++++++ .git/objects/50/c78455dedf2baecf743e719a0ce1d4907e9094
2026/08/24 09:31:38 [25016] <f+++++++++ .git/objects/50/e6254be124c2d13a2749a10bde4f7bfba635ea
2026/08/24 09:31:38 [25016] cd+++++++++ .git/objects/51/
2026/08/24 09:31:38 [25016] <f+++++++++ .git/objects/51/0cc0853382ce106ec2c84380e8c4c5f7486798
2026/08/24 09:31:38 [25016] <f+++++++++ .git/objects/51/4fd0a1d3fd0d406815b8619d91739e3930278f
2026/08/24 09:31:38 [25016] <f+++++++++ .git/objects/51/9b3ac304d2f0b06aac5b18a716474c5f2022ba
2026/08/24 09:31:38 [25016] <f+++++++++ .git/objects/51/c77c00ebfa3662b0608680bc863335ec1f1867
2026/08/24 09:31:38 [25016] <f+++++++++ .git/objects/51/d2c672119920368e359f29c987a66e989dd631
2026/08/24 09:31:38 [25016] cd+++++++++ .git/objects/52/
2026/08/24 09:31:38 [25016] <f+++++++++ .git/objects/52/0f3045e54566fe50be514c974b157e4f942704
2026/08/24 09:31:38 [25016] <f+++++++++ .git/objects/52/388be71b00e0ae720f2b8ef019361f058fc63c
2026/08/24 09:31:38 [25016] <f+++++++++ .git/objects/52/648d523ffe9029aa1e61ac5ad6c0f87fc8eaff
2026/08/24 09:31:38 [25016] <f+++++++++ .git/objects/52/77ac10e5fd9e9497376be969b9ee57450c0370
2026/08/24 09:31:38 [25016] <f+++++++++ .git/objects/52/93ba32706745369acb06401cc0027ff5f7c253
2026/08/24 09:31:38 [25016] <f+++++++++ .git/objects/52/a6b83d4111ce01c59062245372e9b749fc45c2
2026/08/24 09:31:38 [25016] <f+++++++++ .git/objects/52/acbf2257411614381fee44ab752b0ff3505e6f
2026/08/24 09:31:38 [25016] <f+++++++++ .git/objects/52/f57c4cd60d222056a393feeb6c05f3f71d5302
2026/08/24 09:31:38 [25016] cd+++++++++ .git/objects/53/
2026/08/24 09:31:38 [25016] <f+++++++++ .git/objects/53/093b46d67d86f160e963d14a79e62a86833253
2026/08/24 09:31:38 [25016] <f+++++++++ .git/objects/53/4e47ef95f31e7650dc5e239f3cf540ba57ea56
2026/08/24 09:31:38 [25016] <f+++++++++ .git/objects/53/50883e31135f10ba865d3f610afff95a5174e6
2026/08/24 09:31:38 [25016] <f+++++++++ .git/objects/53/c84a94647ac9db59b43000ef1429f19d1ca571
2026/08/24 09:31:38 [25016] <f+++++++++ .git/objects/53/f0fd0557169f32585b18d86b66472c58aa605c
2026/08/24 09:31:38 [25016] <f+++++++++ .git/objects/53/fd23720026d5cc14ac084971717887a1fa5561
2026/08/24 09:31:38 [25016] cd+++++++++ .git/objects/54/
2026/08/24 09:31:38 [25016] <f+++++++++ .git/objects/54/1c4dc3db3e2f137445c72e3e378926492f0783
2026/08/24 09:31:38 [25016] <f+++++++++ .git/objects/54/3a9ccb469ff52158241be2e835a85d74916f45
2026/08/24 09:31:38 [25016] <f+++++++++ .git/objects/54/506835545001c87ca1e931a7f735113edaffc9
2026/08/24 09:31:38 [25016] <f+++++++++ .git/objects/54/50fd0ebebc24dc488beb9db290b77a8a38f516
2026/08/24 09:31:38 [25016] <f+++++++++ .git/objects/54/9ae5b159b0eae4c5d40e6cb68cafc22c429223
2026/08/24 09:31:38 [25016] <f+++++++++ .git/objects/54/bb510f68a1af54278d9eacfb494405cc3be57f
2026/08/24 09:31:38 [25016] cd+++++++++ .git/objects/55/
2026/08/24 09:31:38 [25016] <f+++++++++ .git/objects/55/1f29f4fcb142b42879cb67cd38d373ab23c8c4
2026/08/24 09:31:38 [25016] <f+++++++++ .git/objects/55/b02f644bd8cfe9a1938fb8485feba896d6cfe5
2026/08/24 09:31:38 [25016] <f+++++++++ .git/objects/55/bb397975ecd4f2da4d5b900afc10d05c9a7e7f
2026/08/24 09:31:38 [25016] cd+++++++++ .git/objects/56/
2026/08/24 09:31:38 [25016] <f+++++++++ .git/objects/56/243d65896b4bb166281e99e8167a279f9f328e
2026/08/24 09:31:38 [25016] <f+++++++++ .git/objects/56/4e01819605e444bce3e8c38ebfc6a239f14895
2026/08/24 09:31:38 [25016] cd+++++++++ .git/objects/57/
2026/08/24 09:31:38 [25016] <f+++++++++ .git/objects/57/3541ac9702dd3969c9bc859d2b91ec1f7e6e56
2026/08/24 09:31:38 [25016] <f+++++++++ .git/objects/57/3bdfc699ef94a2a05d850a9ccbafcd085c0bd5
2026/08/24 09:31:38 [25016] <f+++++++++ .git/objects/57/5dfc4d8815d474148bc5e968f8db398592a4bb
2026/08/24 09:31:38 [25016] <f+++++++++ .git/objects/57/b4b702b3ecc503fea1501ebc438c12e7ccbacc
2026/08/24 09:31:38 [25016] cd+++++++++ .git/objects/58/
2026/08/24 09:31:38 [25016] <f+++++++++ .git/objects/58/03d1034b7f8fd30b97ae41553914caf161bbc9
2026/08/24 09:31:38 [25016] <f+++++++++ .git/objects/58/9a75f13be46146a99f1f40c152c0aca21e6233
2026/08/24 09:31:38 [25016] <f+++++++++ .git/objects/58/9e4c5e88ed644bc3aa88564a8308a7c8e4cb70
2026/08/24 09:31:38 [25016] <f+++++++++ .git/objects/58/c130778e84fb1b1dbd8a5f585edf76be63940c
2026/08/24 09:31:38 [25016] cd+++++++++ .git/objects/59/
2026/08/24 09:31:38 [25016] <f+++++++++ .git/objects/59/4712b28780cc33f59f7235b7e4c602fa43c57e
2026/08/24 09:31:38 [25016] <f+++++++++ .git/objects/59/4c6308a3bf4e25dcd3edf7dc02fa3bef023127
2026/08/24 09:31:38 [25016] <f+++++++++ .git/objects/59/92eb23586fc107672fac1d1f73d36d91b87fa4
2026/08/24 09:31:38 [25016] cd+++++++++ .git/objects/5a/
2026/08/24 09:31:38 [25016] <f+++++++++ .git/objects/5a/766b8268b0476d8a98b23f84e47621c175f9de
2026/08/24 09:31:38 [25016] <f+++++++++ .git/objects/5a/e0f0c8cac70dfe8b45c209bfedfd5f483d961b
2026/08/24 09:31:38 [25016] cd+++++++++ .git/objects/5b/
2026/08/24 09:31:38 [25016] <f+++++++++ .git/objects/5b/180f6880444f7a91c1eef03ecfc5f3113c9cba
2026/08/24 09:31:38 [25016] <f+++++++++ .git/objects/5b/379fc7627a1f81482f244c3ecf96e2188cff80
2026/08/24 09:31:38 [25016] <f+++++++++ .git/objects/5b/438a80acb96a442f014f6743fd522620c7aa24
2026/08/24 09:31:38 [25016] <f+++++++++ .git/objects/5b/5b95a98c365c8bf8a5d0df4a2b8d9a9a693be8
2026/08/24 09:31:38 [25016] <f+++++++++ .git/objects/5b/7e7580e1a4d238b7a096f225771fae3d6ddeb1
2026/08/24 09:31:38 [25016] <f+++++++++ .git/objects/5b/f4fb0210db4e1264eceef9d0b7cc662b4e106d
2026/08/24 09:31:38 [25016] cd+++++++++ .git/objects/5d/
2026/08/24 09:31:38 [25016] <f+++++++++ .git/objects/5d/c3d3ccca4339952785b9dc17712eee045d703b
2026/08/24 09:31:38 [25016] <f+++++++++ .git/objects/5d/d31abfc65a0cf1730b99729dfa6fe6aca5d5d6
2026/08/24 09:31:38 [25016] cd+++++++++ .git/objects/5e/
2026/08/24 09:31:38 [25016] <f+++++++++ .git/objects/5e/c9c72761be2f24990a378f75963f6aecec4082
2026/08/24 09:31:38 [25016] cd+++++++++ .git/objects/5f/
2026/08/24 09:31:38 [25016] <f+++++++++ .git/objects/5f/41224ea8f52568df5348dcd588b06bc168bd75
2026/08/24 09:31:38 [25016] <f+++++++++ .git/objects/5f/8e52f0df80ae82803ef0b5303da4fee5c639d1
2026/08/24 09:31:38 [25016] <f+++++++++ .git/objects/5f/910e11fabf2ffe5d98ae7026c75142261d18a2
2026/08/24 09:31:38 [25016] <f+++++++++ .git/objects/5f/9c65abde6287d728cabbf939bbfe43b7f476fc
2026/08/24 09:31:38 [25016] <f+++++++++ .git/objects/5f/f839befc868644f297fa41a697b79b4bdeaeff
2026/08/24 09:31:38 [25016] cd+++++++++ .git/objects/60/
2026/08/24 09:31:38 [25016] <f+++++++++ .git/objects/60/831978e4bf663ab05058631531f2a422b541d6
2026/08/24 09:31:38 [25016] <f+++++++++ .git/objects/60/89d6876be65675b69cdc9408f58f88240c99fb
2026/08/24 09:31:38 [25016] <f+++++++++ .git/objects/60/c48d0422a2226af8170629df8dd781f340a04d
2026/08/24 09:31:38 [25016] <f+++++++++ .git/objects/60/e2a4c9dcf655fa421b195ccacf3e1b1f89c100
2026/08/24 09:31:38 [25016] cd+++++++++ .git/objects/61/
2026/08/24 09:31:38 [25016] <f+++++++++ .git/objects/61/088e3dcb1841e30f33f77c052def18852ebb67
2026/08/24 09:31:38 [25016] <f+++++++++ .git/objects/61/1bfa8c916eeb3ba2a40ab4789e135a5975a6c2
2026/08/24 09:31:38 [25016] <f+++++++++ .git/objects/61/3658afbe5290b5bbf15ed55bc76d47b6468dbe
2026/08/24 09:31:38 [25016] <f+++++++++ .git/objects/61/79c592acb52c90c105511e0849f208944a91ed
2026/08/24 09:31:38 [25016] <f+++++++++ .git/objects/61/87f30b1834a339f15e733935286c9a3c4719fa
2026/08/24 09:31:38 [25016] cd+++++++++ .git/objects/62/
2026/08/24 09:31:38 [25016] <f+++++++++ .git/objects/62/0bc5181c67d4a88cc4e3621b0992220d1415ac
2026/08/24 09:31:38 [25016] <f+++++++++ .git/objects/62/10534f9d8e29303589078037862ee1d22b70b6
2026/08/24 09:31:38 [25016] <f+++++++++ .git/objects/62/9875bf3f445270f6fc4d32725eb47621b5da04
2026/08/24 09:31:38 [25016] <f+++++++++ .git/objects/62/adf19bd630931cc00483a01faa3c6a9b798fcd
2026/08/24 09:31:38 [25016] cd+++++++++ .git/objects/63/
2026/08/24 09:31:38 [25016] <f+++++++++ .git/objects/63/61b137e610161e8e029597b4fe2b372eed8373
2026/08/24 09:31:38 [25016] <f+++++++++ .git/objects/63/9d422cd86dc8e4d04d409524815502fd09b48d
2026/08/24 09:31:38 [25016] <f+++++++++ .git/objects/63/bc78de13bf1d717c3dd8e1ab7d19e525625aa1
2026/08/24 09:31:38 [25016] cd+++++++++ .git/objects/64/
2026/08/24 09:31:38 [25016] <f+++++++++ .git/objects/64/02dce1787b3e4c262c42b2a70ada98b9b5b978
2026/08/24 09:31:38 [25016] <f+++++++++ .git/objects/64/124555c333cabf62b045bb8f237af595337233
2026/08/24 09:31:38 [25016] <f+++++++++ .git/objects/64/1a16f1c84f56a0d4f1fab87eccf06248d7479b
2026/08/24 09:31:38 [25016] <f+++++++++ .git/objects/64/23ba04ee8d9b59a5728525148f0576fd39bb65
2026/08/24 09:31:38 [25016] <f+++++++++ .git/objects/64/382bb76011868cf76c3f3b45c7103a9ca02d77
2026/08/24 09:31:38 [25016] <f+++++++++ .git/objects/64/678bf3fb49f084b71058e956a7fd96ea5b9f70
2026/08/24 09:31:38 [25016] <f+++++++++ .git/objects/64/afde880baaea8e343ab7046ae820878f10ea98
2026/08/24 09:31:38 [25016] <f+++++++++ .git/objects/64/c288af467dd94618a64b07937d0f095989e708
2026/08/24 09:31:38 [25016] <f+++++++++ .git/objects/64/efaee12a7e343aa90260733310e0d2049a9090
2026/08/24 09:31:38 [25016] <f+++++++++ .git/objects/64/fccb2ec315b353b4cac06c020b16dd9b38ab24
2026/08/24 09:31:38 [25016] cd+++++++++ .git/objects/65/
2026/08/24 09:31:38 [25016] <f+++++++++ .git/objects/65/65ca9238cc7efa3d8752051fa64fe88e006b78
2026/08/24 09:31:38 [25016] <f+++++++++ .git/objects/65/d00b1a7fc8ab65d28ebe349d8c7ce0a04fcaac
2026/08/24 09:31:38 [25016] <f+++++++++ .git/objects/65/fdf90ca27290d06f8b586a2c1952371ba8e926
2026/08/24 09:31:38 [25016] cd+++++++++ .git/objects/66/
2026/08/24 09:31:38 [25016] <f+++++++++ .git/objects/66/8c01d8011e2b42e0ebc9ae4d7f89b5a780ab92
2026/08/24 09:31:38 [25016] <f+++++++++ .git/objects/66/9ce160a1b2bd610050ea78cc0e3aa7a93576c9
2026/08/24 09:31:38 [25016] cd+++++++++ .git/objects/67/
2026/08/24 09:31:38 [25016] <f+++++++++ .git/objects/67/9612c2cf072d3639072b56f6aba93c1d3b82bd
2026/08/24 09:31:38 [25016] cd+++++++++ .git/objects/68/
2026/08/24 09:31:38 [25016] <f+++++++++ .git/objects/68/5e26ea622045b4a168d1728bace91e03fd2e27
2026/08/24 09:31:38 [25016] cd+++++++++ .git/objects/69/
2026/08/24 09:31:38 [25016] <f+++++++++ .git/objects/69/00ee37cb17fe7ce9a26f3b69d2be04bc90d6b8
2026/08/24 09:31:38 [25016] <f+++++++++ .git/objects/69/1fa6dc46d825e8f291f5dfe5ba1edc135ef294
2026/08/24 09:31:38 [25016] <f+++++++++ .git/objects/69/5f5950cbac910454e085e8259ef34525a5f0fc
2026/08/24 09:31:38 [25016] <f+++++++++ .git/objects/69/b3b37733264fbc68388d4152e4343eb8a2ed73
2026/08/24 09:31:38 [25016] cd+++++++++ .git/objects/6a/
2026/08/24 09:31:38 [25016] <f+++++++++ .git/objects/6a/241ae995992363c75e3349c6cbe424534ba90c
2026/08/24 09:31:38 [25016] <f+++++++++ .git/objects/6a/399b9b3009e3a061eb466d52d2529e02513247
2026/08/24 09:31:38 [25016] <f+++++++++ .git/objects/6a/5ffb794e03ca8b3e9d81b9611217ba274672cf
2026/08/24 09:31:38 [25016] <f+++++++++ .git/objects/6a/8ce96e83409a0d1401d75be05bab11f9994694
2026/08/24 09:31:38 [25016] <f+++++++++ .git/objects/6a/f6617f240d7c62eb6216ede7731f733c8629ef
2026/08/24 09:31:38 [25016] cd+++++++++ .git/objects/6b/
2026/08/24 09:31:38 [25016] <f+++++++++ .git/objects/6b/b26e0a5d6e9b902049890c6bcd1e963b370796
2026/08/24 09:31:38 [25016] <f+++++++++ .git/objects/6b/c31f056f12b359644726e24fe30b0f4890ff93
2026/08/24 09:31:38 [25016] <f+++++++++ .git/objects/6b/cbbcd7ad94b8f419471f70679cadcbdd6c4ff5
2026/08/24 09:31:38 [25016] cd+++++++++ .git/objects/6c/
2026/08/24 09:31:38 [25016] <f+++++++++ .git/objects/6c/5b349c46e015d66b578f2e7ef13c40272bb4b4
2026/08/24 09:31:38 [25016] <f+++++++++ .git/objects/6c/5c008d01e761190e56b98ec1cd4a77e2f43065
2026/08/24 09:31:38 [25016] <f+++++++++ .git/objects/6c/710951604f1e8f39b68f2c703912517daa030b
2026/08/24 09:31:38 [25016] <f+++++++++ .git/objects/6c/e8103cf2204a1747a6472615fbb7784484fef6
2026/08/24 09:31:38 [25016] <f+++++++++ .git/objects/6c/ef02443f9416f4d0f79668f7352ba5163d5fb5
2026/08/24 09:31:38 [25016] cd+++++++++ .git/objects/6d/
2026/08/24 09:31:38 [25016] <f+++++++++ .git/objects/6d/73ae0bc38afd19c2923c2b3067180a36461ae0
2026/08/24 09:31:38 [25016] <f+++++++++ .git/objects/6d/8a7014b970418446d546ffbc39b445c70a3706
2026/08/24 09:31:38 [25016] <f+++++++++ .git/objects/6d/8f372c495669c8a1faedc7da7edbba0ad71c92
2026/08/24 09:31:38 [25016] <f+++++++++ .git/objects/6d/f0b529a0c6782db28089b95fb75ffc993622f2
2026/08/24 09:31:38 [25016] cd+++++++++ .git/objects/6e/
2026/08/24 09:31:38 [25016] <f+++++++++ .git/objects/6e/20473e2a5880893634ef4f70d86137582ff049
2026/08/24 09:31:38 [25016] cd+++++++++ .git/objects/6f/
2026/08/24 09:31:38 [25016] <f+++++++++ .git/objects/6f/4124d1ad18b1fa4af6c1bb4badfce8bef6269d
2026/08/24 09:31:38 [25016] <f+++++++++ .git/objects/6f/7121743e2d2a811522d18e668f8b9254ca51b4
2026/08/24 09:31:38 [25016] <f+++++++++ .git/objects/6f/815d18a5e1bc1fddcf2b168c14fdf0c9bc668d
2026/08/24 09:31:38 [25016] <f+++++++++ .git/objects/6f/c6c741a3b42583164d8ce82a0b164218784443
2026/08/24 09:31:38 [25016] <f+++++++++ .git/objects/6f/d19521f5e2e344c3a990a81b0a3d58b872149e
2026/08/24 09:31:38 [25016] <f+++++++++ .git/objects/6f/e1310dd11be15e573212e68b3d56d5d71e1542
2026/08/24 09:31:38 [25016] <f+++++++++ .git/objects/6f/e14e77f7360d0960657eaf88fa7c0215785474
2026/08/24 09:31:38 [25016] cd+++++++++ .git/objects/70/
2026/08/24 09:31:38 [25016] <f+++++++++ .git/objects/70/52e247bf0ff1d31f9bc8612ead3cd2997af7b8
2026/08/24 09:31:38 [25016] <f+++++++++ .git/objects/70/7f777bdcfcfc889591e8b17b7c5b97eb24292f
2026/08/24 09:31:38 [25016] <f+++++++++ .git/objects/70/aea177dc2e45f56733b266e9957eb09135611e
2026/08/24 09:31:38 [25016] cd+++++++++ .git/objects/71/
2026/08/24 09:31:38 [25016] <f+++++++++ .git/objects/71/752b52a98c9f5a3d25b365df8650f275e94465
2026/08/24 09:31:38 [25016] cd+++++++++ .git/objects/72/
2026/08/24 09:31:38 [25016] <f+++++++++ .git/objects/72/2f98a32ab3a0e096390d74e859a78fecc4b0de
2026/08/24 09:31:38 [25016] <f+++++++++ .git/objects/72/4ef2bf120c91c4ba18b10aae76e13ff01e06ea
2026/08/24 09:31:38 [25016] <f+++++++++ .git/objects/72/7d5cdb5bcdeeda8a704c0abeb5e119bc5911f5
2026/08/24 09:31:38 [25016] <f+++++++++ .git/objects/72/9c366611da5dae90f07c30b393aa46370130db
2026/08/24 09:31:38 [25016] <f+++++++++ .git/objects/72/b002843747b904d4da7dfbd3532d80b88a55b7
2026/08/24 09:31:38 [25016] <f+++++++++ .git/objects/72/ed2677016c9d9068418770de16f8262c4623e4
2026/08/24 09:31:38 [25016] cd+++++++++ .git/objects/73/
2026/08/24 09:31:38 [25016] <f+++++++++ .git/objects/73/2991995586a6186dc9c4676fcda2326da9d78c
2026/08/24 09:31:38 [25016] <f+++++++++ .git/objects/73/415fdbd1cb447c29e40f57a9bcb32feb17c9c8
2026/08/24 09:31:38 [25016] <f+++++++++ .git/objects/73/f2155a5285c2850a399b4ec1584073ad124313
2026/08/24 09:31:38 [25016] cd+++++++++ .git/objects/74/
2026/08/24 09:31:38 [25016] <f+++++++++ .git/objects/74/a227b8face6370a06f38434f853866e0131d3e
2026/08/24 09:31:38 [25016] <f+++++++++ .git/objects/74/abff0ea4941479d732771aae2aa543eb70393a
2026/08/24 09:31:38 [25016] <f+++++++++ .git/objects/74/cb8826854684b73b4fa45b1292044304d18fe8
2026/08/24 09:31:38 [25016] cd+++++++++ .git/objects/75/
2026/08/24 09:31:38 [25016] <f+++++++++ .git/objects/75/293eaa0ba222e693daf0e8e076c544980f530d
2026/08/24 09:31:38 [25016] <f+++++++++ .git/objects/75/a5fa11f35440ae6c10d6df3359151922d7565b
2026/08/24 09:31:38 [25016] <f+++++++++ .git/objects/75/d573023372a6acc4c0f542e1409675db1bc637
2026/08/24 09:31:38 [25016] <f+++++++++ .git/objects/75/df44fc04427901d697c3ee05fab08ddcab79a8
2026/08/24 09:31:38 [25016] cd+++++++++ .git/objects/76/
2026/08/24 09:31:38 [25016] <f+++++++++ .git/objects/76/514eba28fe20279bef4118e955a2e34ed7eecb
2026/08/24 09:31:38 [25016] <f+++++++++ .git/objects/76/ac2330cd185180b961c682bb6222c640f977f8
2026/08/24 09:31:38 [25016] <f+++++++++ .git/objects/76/d29269af35db064bcb20a21cb69929f85a2153
2026/08/24 09:31:38 [25016] cd+++++++++ .git/objects/77/
2026/08/24 09:31:38 [25016] <f+++++++++ .git/objects/77/12524f7ae790dc0168592bbffaf934455d3641
2026/08/24 09:31:38 [25016] cd+++++++++ .git/objects/78/
2026/08/24 09:31:38 [25016] <f+++++++++ .git/objects/78/5e5af8d99bb81867f5c9929ed0a8599aaeb3a2
2026/08/24 09:31:38 [25016] <f+++++++++ .git/objects/78/75493dd50305f5aa1ba479b9d57a17a7a2ee0f
2026/08/24 09:31:38 [25016] <f+++++++++ .git/objects/78/bb97b9be55011e4df75513142482df972981c6
2026/08/24 09:31:38 [25016] <f+++++++++ .git/objects/78/e8593df8e3ff518f090eaabc8b777f1cbb3043
2026/08/24 09:31:38 [25016] cd+++++++++ .git/objects/79/
2026/08/24 09:31:38 [25016] <f+++++++++ .git/objects/79/10df5553ceccaec48d5bc65f2af78ba9c6e3e0
2026/08/24 09:31:38 [25016] <f+++++++++ .git/objects/79/43daca2b6d190ddb63c951fbfea7176798916b
2026/08/24 09:31:38 [25016] <f+++++++++ .git/objects/79/7e13591b3f7e634a33e9e0284d298399f99616
2026/08/24 09:31:38 [25016] <f+++++++++ .git/objects/79/a624a97098532ec5014590ce38f43094543f55
2026/08/24 09:31:38 [25016] <f+++++++++ .git/objects/79/f5339fe8b6993f5dc3b6e388cf01801f320844
2026/08/24 09:31:38 [25016] cd+++++++++ .git/objects/7a/
2026/08/24 09:31:38 [25016] <f+++++++++ .git/objects/7a/1ef215641b1c243b7c502158a0d3cb6a8a58ef
2026/08/24 09:31:38 [25016] <f+++++++++ .git/objects/7a/7aab6c678250290f40d60f7f5e304136b983d5
2026/08/24 09:31:38 [25016] <f+++++++++ .git/objects/7a/a3f8661ee4d700b86efccef7d44d57f1dcbf88
2026/08/24 09:31:38 [25016] <f+++++++++ .git/objects/7a/bbbe7ab6666d3e2706993db0ea3cb6d31c32fc
2026/08/24 09:31:38 [25016] cd+++++++++ .git/objects/7b/
2026/08/24 09:31:38 [25016] <f+++++++++ .git/objects/7b/2f6309a26c5e0c1d903c6a48cbce4a91748f7e
2026/08/24 09:31:38 [25016] <f+++++++++ .git/objects/7b/350794cff0bba95ecd823e7c060b1ec3fac30f
2026/08/24 09:31:38 [25016] <f+++++++++ .git/objects/7b/5c739e0831e532d8cec569dc59b619002072c2
2026/08/24 09:31:38 [25016] <f+++++++++ .git/objects/7b/fdb7e4281941104edcaa9749ba680018567f2c
2026/08/24 09:31:38 [25016] cd+++++++++ .git/objects/7c/
2026/08/24 09:31:38 [25016] <f+++++++++ .git/objects/7c/1abd8242d18500d0bc9b1eea73bd7d916cee55
2026/08/24 09:31:38 [25016] <f+++++++++ .git/objects/7c/70b952420eefd21af662d2a2cedf63be72a56f
2026/08/24 09:31:38 [25016] <f+++++++++ .git/objects/7c/c735c0bcd7fa97fdaf40806f0f427af400b0e7
2026/08/24 09:31:38 [25016] cd+++++++++ .git/objects/7d/
2026/08/24 09:31:38 [25016] <f+++++++++ .git/objects/7d/533e36ab8770cff21edc8688fbdde69f481376
2026/08/24 09:31:38 [25016] <f+++++++++ .git/objects/7d/8963390323c0c2651ea5ffbd763af1eba361a9
2026/08/24 09:31:38 [25016] <f+++++++++ .git/objects/7d/bdc92ccfbd6fa873f3dec5408a548af0bfa58e
2026/08/24 09:31:38 [25016] <f+++++++++ .git/objects/7d/c0364bf492466f9ca9a733d2be1ef7efa7a2ec
2026/08/24 09:31:38 [25016] <f+++++++++ .git/objects/7d/db559d94304e2a971145c3b184f5924f17b022
2026/08/24 09:31:38 [25016] <f+++++++++ .git/objects/7d/deb086b2d20dbd013900fcd5bc5623cdcc1839
2026/08/24 09:31:38 [25016] <f+++++++++ .git/objects/7d/f61d60e180efcbe2baa0b5774b352d7e0db4ae
2026/08/24 09:31:38 [25016] cd+++++++++ .git/objects/7e/
2026/08/24 09:31:38 [25016] <f+++++++++ .git/objects/7e/345ab3e99c64df416f2be49d8e2f889709e5e0
2026/08/24 09:31:38 [25016] <f+++++++++ .git/objects/7e/62cb1501794d7d5ddb7d2dd912fd1f77bd4b33
2026/08/24 09:31:38 [25016] <f+++++++++ .git/objects/7e/b1829126c2a8b7561c94f1908dfe000f070bee
2026/08/24 09:31:38 [25016] <f+++++++++ .git/objects/7e/c497f3fd800036808ada1f1e49bf4bb51e0cd9
2026/08/24 09:31:38 [25016] <f+++++++++ .git/objects/7e/ed4581acb93fd021ef4885f5dc2faa58039a27
2026/08/24 09:31:38 [25016] cd+++++++++ .git/objects/7f/
2026/08/24 09:31:38 [25016] <f+++++++++ .git/objects/7f/976d08489a7b5fe814934cfd5c39442a7de696
2026/08/24 09:31:38 [25016] <f+++++++++ .git/objects/7f/9a385a2aaec0d930a8c71250cf7ea8f783f8ff
2026/08/24 09:31:38 [25016] <f+++++++++ .git/objects/7f/b6ebc6ad65e89116c320b43eb50e06c7a0cb91
2026/08/24 09:31:38 [25016] cd+++++++++ .git/objects/80/
2026/08/24 09:31:38 [25016] <f+++++++++ .git/objects/80/04df60eb06ea4611d3043197964bdee9f8885f
2026/08/24 09:31:38 [25016] <f+++++++++ .git/objects/80/72cbeeeeb3b066b9be0510ae07b9758a905e80
2026/08/24 09:31:38 [25016] <f+++++++++ .git/objects/80/b7372127147a041f48a8c569346ea4030a7e00
2026/08/24 09:31:38 [25016] <f+++++++++ .git/objects/80/bf38aee4526126986dee5e806459df493e038d
2026/08/24 09:31:38 [25016] <f+++++++++ .git/objects/80/c428e9417e64c6e763d3207e4808aa5688c2d1
2026/08/24 09:31:38 [25016] cd+++++++++ .git/objects/81/
2026/08/24 09:31:38 [25016] <f+++++++++ .git/objects/81/0a3aa91fa9ed254fbb16c3137668291357929c
2026/08/24 09:31:38 [25016] <f+++++++++ .git/objects/81/3401e0b64aeb30556321fa1152c2f605a1f19a
2026/08/24 09:31:38 [25016] <f+++++++++ .git/objects/81/a44ffd0e4a130df8f5f8f2dd2d297f83fddbb1
2026/08/24 09:31:38 [25016] <f+++++++++ .git/objects/81/dec103760989fb07b172d3f20620f07e0d8143
2026/08/24 09:31:38 [25016] cd+++++++++ .git/objects/82/
2026/08/24 09:31:38 [25016] <f+++++++++ .git/objects/82/08ae12938a5ae9ff0bff42b325284969573c48
2026/08/24 09:31:38 [25016] cd+++++++++ .git/objects/83/
2026/08/24 09:31:38 [25016] <f+++++++++ .git/objects/83/1f77e7ed83e9898a6bd8943069a8d654f3473d
2026/08/24 09:31:38 [25016] <f+++++++++ .git/objects/83/518197f5c3ba47a5dff14f9dceb371f0c118f9
2026/08/24 09:31:38 [25016] <f+++++++++ .git/objects/83/ae577e511dd81638f8de1080b71399cc551561
2026/08/24 09:31:38 [25016] <f+++++++++ .git/objects/83/c8075a5618abc0a948b2993206ae4e85e40832
2026/08/24 09:31:38 [25016] <f+++++++++ .git/objects/83/ecf83e823882f717ffa632260eda098ece7435
2026/08/24 09:31:38 [25016] cd+++++++++ .git/objects/84/
2026/08/24 09:31:38 [25016] <f+++++++++ .git/objects/84/d05e6feb05eaa6ea983824334495273aff9cfe
2026/08/24 09:31:38 [25016] <f+++++++++ .git/objects/84/e262aa2946e1d9f9356ea38f5f138e387b2958
2026/08/24 09:31:38 [25016] <f+++++++++ .git/objects/84/ebe15e6f503356299108ae0d574a056e0c6eaa
2026/08/24 09:31:38 [25016] cd+++++++++ .git/objects/85/
2026/08/24 09:31:38 [25016] <f+++++++++ .git/objects/85/0641039f719c275ab1fbab0162d01d25b7986b
2026/08/24 09:31:38 [25016] <f+++++++++ .git/objects/85/0d7be168121ca7df5af628c42a258eebca5037
2026/08/24 09:31:38 [25016] <f+++++++++ .git/objects/85/9bd86ed20ce9e338a9f9c071da06b99c631666
2026/08/24 09:31:38 [25016] cd+++++++++ .git/objects/86/
2026/08/24 09:31:38 [25016] <f+++++++++ .git/objects/86/17b96283694782de7226059487d878ddb7c93f
2026/08/24 09:31:38 [25016] <f+++++++++ .git/objects/86/78312edff4ccaa3d17167da7d9cbb84eb0ea93
2026/08/24 09:31:38 [25016] cd+++++++++ .git/objects/87/
2026/08/24 09:31:38 [25016] <f+++++++++ .git/objects/87/18f3295dfe64783e4e640718eb3cb29c1b00f7
2026/08/24 09:31:38 [25016] <f+++++++++ .git/objects/87/43b153d68a39d7a5e28a0d75110aedcea6b98b
2026/08/24 09:31:38 [25016] cd+++++++++ .git/objects/89/
2026/08/24 09:31:38 [25016] <f+++++++++ .git/objects/89/28c4b8c38e807aca411e45ed27b80c62d342af
2026/08/24 09:31:38 [25016] <f+++++++++ .git/objects/89/7ff566e3c920aa54a9953706465e272043f6fc
2026/08/24 09:31:38 [25016] <f+++++++++ .git/objects/89/aefb9d1b54e9f0f11ec1933b47bb67de7b4fa4
2026/08/24 09:31:38 [25016] <f+++++++++ .git/objects/89/d4cefab4200f2baa3edc1a79e383b00f296db6
2026/08/24 09:31:38 [25016] <f+++++++++ .git/objects/89/debf8e0bdc2f7fd8cdef514a67cbd298c64137
2026/08/24 09:31:38 [25016] <f+++++++++ .git/objects/89/e3c22dd5ee5d4f2157306281fb64a7a180ed20
2026/08/24 09:31:38 [25016] cd+++++++++ .git/objects/8a/
2026/08/24 09:31:38 [25016] <f+++++++++ .git/objects/8a/497423c8d3a8f4c448e3f6f6a6f28a122264d1
2026/08/24 09:31:38 [25016] <f+++++++++ .git/objects/8a/9b400f38f0935057ebf424454b144918b9876a
2026/08/24 09:31:38 [25016] <f+++++++++ .git/objects/8a/cf1eb5e3c939e7b5a97ab98f9e783ac7892d9f
2026/08/24 09:31:38 [25016] <f+++++++++ .git/objects/8a/e1f9a82c2ffe8119f2a1983d66f5262ec8db82
2026/08/24 09:31:38 [25016] cd+++++++++ .git/objects/8b/
2026/08/24 09:31:38 [25016] <f+++++++++ .git/objects/8b/03adb5f28f2da960d00035a68390748e6c9847
2026/08/24 09:31:38 [25016] <f+++++++++ .git/objects/8b/65f2af810f281ce94edea6df1bd193f05981f0
2026/08/24 09:31:38 [25016] <f+++++++++ .git/objects/8b/8f54113b936c3062cefb823b3e510ac10a555a
2026/08/24 09:31:38 [25016] cd+++++++++ .git/objects/8c/
2026/08/24 09:31:38 [25016] <f+++++++++ .git/objects/8c/07a96bfec5435cc6a5a0285a52b534b5fb4017
2026/08/24 09:31:38 [25016] <f+++++++++ .git/objects/8c/b2b2f9a73894bff5ca407313d3b1b76a7d884d
2026/08/24 09:31:38 [25016] <f+++++++++ .git/objects/8c/f57fd235e81efcb67d012f8132f004d5412665
2026/08/24 09:31:38 [25016] cd+++++++++ .git/objects/8d/
2026/08/24 09:31:38 [25016] <f+++++++++ .git/objects/8d/1e1894fa634495a24d4a97c8bded472937d62c
2026/08/24 09:31:38 [25016] <f+++++++++ .git/objects/8d/ec9a16eeab5673d31a7b62635c72984e8debe1
2026/08/24 09:31:38 [25016] <f+++++++++ .git/objects/8d/f2f1cebc2f39355850d7b7bf7e03357ff97c31
2026/08/24 09:31:38 [25016] <f+++++++++ .git/objects/8d/f719543c6318ef98eb8963463a1b06c37c85b1
2026/08/24 09:31:38 [25016] cd+++++++++ .git/objects/8e/
2026/08/24 09:31:38 [25016] <f+++++++++ .git/objects/8e/1b1d6e8e269c04a1368af3e7561baa62633636
2026/08/24 09:31:38 [25016] <f+++++++++ .git/objects/8e/9661f0eba9457066c880a7220b6fc9f9b76d1c
2026/08/24 09:31:39 [25016] cd+++++++++ .git/objects/8f/
2026/08/24 09:31:39 [25016] <f+++++++++ .git/objects/8f/2523b64be114ae19cda2b2a80ce93d1b363262
2026/08/24 09:31:39 [25016] <f+++++++++ .git/objects/8f/a4ac2e629354a16d8098dd476a0f705b891f33
2026/08/24 09:31:39 [25016] <f+++++++++ .git/objects/8f/b65147dc0f4b8552182bf843ec81578acb6755
2026/08/24 09:31:39 [25016] cd+++++++++ .git/objects/90/
2026/08/24 09:31:39 [25016] <f+++++++++ .git/objects/90/7b9902bf65cc49b3752fb7e9c46de3fe6a32f1
2026/08/24 09:31:39 [25016] <f+++++++++ .git/objects/90/b89fadb54158df92c9bde5b71abb5ba1f894d4
2026/08/24 09:31:39 [25016] <f+++++++++ .git/objects/90/fd65d60cb051159b4acfa09badee0062580a29
2026/08/24 09:31:39 [25016] cd+++++++++ .git/objects/91/
2026/08/24 09:31:39 [25016] <f+++++++++ .git/objects/91/445184a66dda14459d1eda4f9bf67a5c6d2ac4
2026/08/24 09:31:39 [25016] <f+++++++++ .git/objects/91/53e659cf167662e046b6fae69088a1952cb08b
2026/08/24 09:31:39 [25016] <f+++++++++ .git/objects/91/73625461516b6e4c781d430e26bc068d3e49e1
2026/08/24 09:31:39 [25016] <f+++++++++ .git/objects/91/9f4111121a8f4eb3778a99b81dca3f00429cd0
2026/08/24 09:31:39 [25016] cd+++++++++ .git/objects/92/
2026/08/24 09:31:39 [25016] <f+++++++++ .git/objects/92/3e6297c36564a0b4c8cccb27405f7fd496321f
2026/08/24 09:31:39 [25016] <f+++++++++ .git/objects/92/9f3fd5a13eeefe3604610a1f671ff0f604d6cc
2026/08/24 09:31:39 [25016] <f+++++++++ .git/objects/92/ae35b307adc9c4e557a2e4dc196cfb0c874027
2026/08/24 09:31:39 [25016] cd+++++++++ .git/objects/93/
2026/08/24 09:31:39 [25016] <f+++++++++ .git/objects/93/1ff30797bac6e8e3d3507ea7ee43212439b559
2026/08/24 09:31:39 [25016] <f+++++++++ .git/objects/93/45729b5a0a82cf724b03bb9ffd944083aa80ce
2026/08/24 09:31:39 [25016] <f+++++++++ .git/objects/93/47c08c7be23eb8f73923a4c35715acbf295280
2026/08/24 09:31:39 [25016] <f+++++++++ .git/objects/93/941961488054028d2bb75ce85c3ecf99fc8906
2026/08/24 09:31:39 [25016] cd+++++++++ .git/objects/95/
2026/08/24 09:31:39 [25016] <f+++++++++ .git/objects/95/2285ab63843bd03baa7208f57ae8211f871b22
2026/08/24 09:31:39 [25016] <f+++++++++ .git/objects/95/5fb71ca27eeb54036d51f7477e530672d95639
2026/08/24 09:31:39 [25016] <f+++++++++ .git/objects/95/a6b07d3cfe89b6429807124aaaaf17d2c23192
2026/08/24 09:31:39 [25016] <f+++++++++ .git/objects/95/e6aa4c05e8f5a036b7ba75b8af302af95044c2
2026/08/24 09:31:39 [25016] cd+++++++++ .git/objects/96/
2026/08/24 09:31:39 [25016] <f+++++++++ .git/objects/96/069795f1dd98126cd90001c6f5042dace4688f
2026/08/24 09:31:39 [25016] <f+++++++++ .git/objects/96/295b3a369b62ef40395bc07967fd0428496a38
2026/08/24 09:31:39 [25016] <f+++++++++ .git/objects/96/3b7de0fa0c71aa71bdd135073e164ad9227af6
2026/08/24 09:31:39 [25016] <f+++++++++ .git/objects/96/79cc0c7b8b9808dc5519d57eb37e6a040d8861
2026/08/24 09:31:39 [25016] <f+++++++++ .git/objects/96/9af0bcf3ccf7b7c7e2dd6d4a8e149068e6d806
2026/08/24 09:31:39 [25016] <f+++++++++ .git/objects/96/aacced5056437abe7932209c0eb8363d31ded1
2026/08/24 09:31:39 [25016] cd+++++++++ .git/objects/97/
2026/08/24 09:31:39 [25016] <f+++++++++ .git/objects/97/0b374a80c15194e08a6c6e02e311d8344ad410
2026/08/24 09:31:39 [25016] <f+++++++++ .git/objects/97/281e0a851930f246d7a9960d24bf34cdfc1595
2026/08/24 09:31:39 [25016] <f+++++++++ .git/objects/97/778f4b97f994a7f0f24742a5b0330b9aa79705
2026/08/24 09:31:39 [25016] <f+++++++++ .git/objects/97/a64584374d95740c7cd2821dd79c2f6e69fd7f
2026/08/24 09:31:39 [25016] <f+++++++++ .git/objects/97/ffdc41ed6ec315cd142ca680d48e5009374cda
2026/08/24 09:31:39 [25016] cd+++++++++ .git/objects/98/
2026/08/24 09:31:39 [25016] <f+++++++++ .git/objects/98/2b95b978f457a4eb531d1851232654c9b91f2c
2026/08/24 09:31:39 [25016] <f+++++++++ .git/objects/98/d1c3893c055c079d1e804cf64f4e6215215f54
2026/08/24 09:31:39 [25016] cd+++++++++ .git/objects/99/
2026/08/24 09:31:39 [25016] <f+++++++++ .git/objects/99/09d4a7a9531aed263aaed1ad3d3fe2744391ac
2026/08/24 09:31:39 [25016] <f+++++++++ .git/objects/99/52e8fccef9d1748366c2f4e3f75cfe417e6f66
2026/08/24 09:31:39 [25016] <f+++++++++ .git/objects/99/fdd3807f6c7bf2478b563bd6469e327032746d
2026/08/24 09:31:39 [25016] cd+++++++++ .git/objects/9a/
2026/08/24 09:31:39 [25016] <f+++++++++ .git/objects/9a/441b5a2e0de3fe25f92af60ad4e9cda489bf2f
2026/08/24 09:31:39 [25016] <f+++++++++ .git/objects/9a/84e62d5c685f2b1ec9d5d60e7c2ed67f969a8e
2026/08/24 09:31:39 [25016] <f+++++++++ .git/objects/9a/96a0591d4a196c73c0fac2b2b07213f5adb244
2026/08/24 09:31:39 [25016] <f+++++++++ .git/objects/9a/ab5eab81b909cccb5b7e3bb1ce78b42fd28638
2026/08/24 09:31:39 [25016] <f+++++++++ .git/objects/9a/b874f22e8595222012c3e565a1423b0da70b11
2026/08/24 09:31:39 [25016] <f+++++++++ .git/objects/9a/bc7cfa179bb0beecc5fc825c7579fbbf7daa54
2026/08/24 09:31:39 [25016] <f+++++++++ .git/objects/9a/c7dca5a032b705c97e9e5b9bdff94eb43c60d1
2026/08/24 09:31:39 [25016] <f+++++++++ .git/objects/9a/e3dbfc1a6b2f6c9dd2e1d675c95c92bcfbfd4d
2026/08/24 09:31:39 [25016] cd+++++++++ .git/objects/9b/
2026/08/24 09:31:39 [25016] <f+++++++++ .git/objects/9b/0aa0d903c73c0eb120cab1ff88695e718307b5
2026/08/24 09:31:39 [25016] <f+++++++++ .git/objects/9b/1efdf39dec319e7b289b047444def56540c65b
2026/08/24 09:31:39 [25016] cd+++++++++ .git/objects/9c/
2026/08/24 09:31:39 [25016] <f+++++++++ .git/objects/9c/2464051787d0b90e77d54ee15ec51480aa38d4
2026/08/24 09:31:39 [25016] <f+++++++++ .git/objects/9c/c6c6dcd1ff0a0d6c99c01c2f3bf5579f1368a4
2026/08/24 09:31:39 [25016] <f+++++++++ .git/objects/9c/e309990da9ca610461ce40cc99efd176cc7a20
2026/08/24 09:31:39 [25016] <f+++++++++ .git/objects/9c/f96fd68126faf1e453d9e1326b9966fbae3617
2026/08/24 09:31:39 [25016] cd+++++++++ .git/objects/9d/
2026/08/24 09:31:39 [25016] <f+++++++++ .git/objects/9d/1b72c8c7be09cfd1b9a49d1b40d968f550e7c3
2026/08/24 09:31:39 [25016] <f+++++++++ .git/objects/9d/1c3655a46b5d43bdac3779387b082bf93ce49d
2026/08/24 09:31:39 [25016] <f+++++++++ .git/objects/9d/7e1f4ccb26c071d7ed30905f26350c5ec53443
2026/08/24 09:31:39 [25016] <f+++++++++ .git/objects/9d/8bcb9e10d5b01ce2341a9e09b1c95e48da3232
2026/08/24 09:31:39 [25016] <f+++++++++ .git/objects/9d/c691bd7a12d56b277f284bb1affa7b46259932
2026/08/24 09:31:39 [25016] cd+++++++++ .git/objects/9e/
2026/08/24 09:31:39 [25016] <f+++++++++ .git/objects/9e/61c689a278037821d844639c28c21e12213e98
2026/08/24 09:31:39 [25016] <f+++++++++ .git/objects/9e/9436ec7f9bbbe8a88781f14084fde9ffa4219c
2026/08/24 09:31:39 [25016] <f+++++++++ .git/objects/9e/ac5903802a203488ab1a0a81f60b80e4b350a9
2026/08/24 09:31:39 [25016] <f+++++++++ .git/objects/9e/af08d9650260e58841073c72daaf3e5bcb2dba
2026/08/24 09:31:39 [25016] cd+++++++++ .git/objects/9f/
2026/08/24 09:31:39 [25016] <f+++++++++ .git/objects/9f/5890c3ec99ec4c53c6d9ac40a8380a1f9bf68d
2026/08/24 09:31:39 [25016] cd+++++++++ .git/objects/a0/
2026/08/24 09:31:39 [25016] <f+++++++++ .git/objects/a0/3008b2d3310ccc5b1d605c46e8b3bcdf5096f5
2026/08/24 09:31:39 [25016] <f+++++++++ .git/objects/a0/97b5fd317d74a9cfff155879eb80b318e4ed84
2026/08/24 09:31:39 [25016] <f+++++++++ .git/objects/a0/e64c780b71707e7a264e19c9e105cc4a31501e
2026/08/24 09:31:39 [25016] cd+++++++++ .git/objects/a1/
2026/08/24 09:31:39 [25016] <f+++++++++ .git/objects/a1/1033dfe33a5a2f041bb72c3555c1905a227680
2026/08/24 09:31:39 [25016] <f+++++++++ .git/objects/a1/a7c16e5a88ba2a2e5e964d30ef4af2ea58177e
2026/08/24 09:31:39 [25016] <f+++++++++ .git/objects/a1/d587706bfa41561fb3b163457256d4d506fcbf
2026/08/24 09:31:39 [25016] cd+++++++++ .git/objects/a2/
2026/08/24 09:31:39 [25016] <f+++++++++ .git/objects/a2/5f313f299e71efde539001d2d7d5fad1a1b4ca
2026/08/24 09:31:39 [25016] <f+++++++++ .git/objects/a2/678be45135287dded18deedd2bb66dfc4bbadb
2026/08/24 09:31:39 [25016] <f+++++++++ .git/objects/a2/b96c186d8208b55e92f0606d1d935cddd564bc
2026/08/24 09:31:39 [25016] <f+++++++++ .git/objects/a2/d6ac629c9b73f04e9053e9f2b3fec1b9fc4e92
2026/08/24 09:31:39 [25016] <f+++++++++ .git/objects/a2/d95bbdf85469be3e93991128228feccbbd2c8f
2026/08/24 09:31:39 [25016] cd+++++++++ .git/objects/a3/
2026/08/24 09:31:39 [25016] <f+++++++++ .git/objects/a3/f1f74037082bc0f0681505704dfda865b4916b
2026/08/24 09:31:39 [25016] cd+++++++++ .git/objects/a4/
2026/08/24 09:31:39 [25016] <f+++++++++ .git/objects/a4/3773ede5a0275fd95a8be977de2fa38610f4b6
2026/08/24 09:31:39 [25016] <f+++++++++ .git/objects/a4/395e344bcab1995a59d7c2ca6c77679acb1d13
2026/08/24 09:31:39 [25016] <f+++++++++ .git/objects/a4/446551fbc9253990bf6821245438125c09b081
2026/08/24 09:31:39 [25016] cd+++++++++ .git/objects/a5/
2026/08/24 09:31:39 [25016] <f+++++++++ .git/objects/a5/18faf684b2105360f74226c9deebc6d83d21cc
2026/08/24 09:31:39 [25016] cd+++++++++ .git/objects/a6/
2026/08/24 09:31:39 [25016] <f+++++++++ .git/objects/a6/1e6d93728dc186d46035d4decaf9984af27515
2026/08/24 09:31:39 [25016] <f+++++++++ .git/objects/a6/60d72531f2eb5688d7825f020062362ffc1ba7
2026/08/24 09:31:39 [25016] <f+++++++++ .git/objects/a6/a6f61374c1936e8749e5971fae6ec037b40f13
2026/08/24 09:31:39 [25016] <f+++++++++ .git/objects/a6/f10623c9ab120e7dcdb76e807c39280c4c44a5
2026/08/24 09:31:39 [25016] cd+++++++++ .git/objects/a7/
2026/08/24 09:31:39 [25016] <f+++++++++ .git/objects/a7/4b4a65d68efe2251e79b0306f168aeef2a3f8d
2026/08/24 09:31:39 [25016] <f+++++++++ .git/objects/a7/a9211d6022d1761e50c661989ae3192bd695ed
2026/08/24 09:31:39 [25016] cd+++++++++ .git/objects/a8/
2026/08/24 09:31:39 [25016] <f+++++++++ .git/objects/a8/4a7c4d2f0ce0e78f11fdde67448ceac34f41f1
2026/08/24 09:31:39 [25016] <f+++++++++ .git/objects/a8/d5f6ae20ff5eea6fa119a67fc9ac4bfaf1b76e
2026/08/24 09:31:39 [25016] cd+++++++++ .git/objects/a9/
2026/08/24 09:31:39 [25016] <f+++++++++ .git/objects/a9/689ccec63c75a952d9a540108455c63aecce45
2026/08/24 09:31:39 [25016] <f+++++++++ .git/objects/a9/acad83b8179910bf8273019779df46f158bdd5
2026/08/24 09:31:39 [25016] <f+++++++++ .git/objects/a9/bed3657c2bed8c8da2252ddc94e89f9bfba554
2026/08/24 09:31:39 [25016] cd+++++++++ .git/objects/aa/
2026/08/24 09:31:39 [25016] <f+++++++++ .git/objects/aa/03fe45abdac09bef03cbd52556ec8ef84c9256
2026/08/24 09:31:39 [25016] <f+++++++++ .git/objects/aa/912c8ea8b34729df898d6e927e77bf624a3dd1
2026/08/24 09:31:39 [25016] <f+++++++++ .git/objects/aa/bb073f9545d8e1c4b1e3fa22ac997fa925fbdb
2026/08/24 09:31:39 [25016] cd+++++++++ .git/objects/ab/
2026/08/24 09:31:39 [25016] <f+++++++++ .git/objects/ab/2244042f01ecba8870e5029fa3f55d00c4c7ad
2026/08/24 09:31:39 [25016] <f+++++++++ .git/objects/ab/6c252b7e54eae83410396ed25ba41de039a163
2026/08/24 09:31:39 [25016] <f+++++++++ .git/objects/ab/7fbb2ffcb96f651f636117b87aee6fe529e377
2026/08/24 09:31:39 [25016] <f+++++++++ .git/objects/ab/893a5d07ecb7ae3fc7c064d07365cb3a147898
2026/08/24 09:31:39 [25016] <f+++++++++ .git/objects/ab/905c61dbad6638da17a4224fc642cfab7b05ba
2026/08/24 09:31:39 [25016] cd+++++++++ .git/objects/ac/
2026/08/24 09:31:39 [25016] <f+++++++++ .git/objects/ac/23b353d8ab58bb432fef6e38059f7214d00a59
2026/08/24 09:31:39 [25016] <f+++++++++ .git/objects/ac/42796708b6297dac4c54cbcb9b26896088d013
2026/08/24 09:31:39 [25016] <f+++++++++ .git/objects/ac/5b0ff4181506b08060deb5fed27753d4f28732
2026/08/24 09:31:39 [25016] cd+++++++++ .git/objects/ad/
2026/08/24 09:31:39 [25016] <f+++++++++ .git/objects/ad/a4fea20848f8b31b586d4b65c8c799cfb4d7c2
2026/08/24 09:31:39 [25016] <f+++++++++ .git/objects/ad/e096a77a79c1030be94a03ace100313b6a0b03
2026/08/24 09:31:39 [25016] <f+++++++++ .git/objects/ad/fa7900d5d0ecac8003d8ed02e7b9bdbf4d12ba
2026/08/24 09:31:39 [25016] cd+++++++++ .git/objects/ae/
2026/08/24 09:31:39 [25016] <f+++++++++ .git/objects/ae/62b6ddc9aa88445a164d02a0aecbcf9b36dd06
2026/08/24 09:31:39 [25016] <f+++++++++ .git/objects/ae/c9bf2b727a6a987725826359315ce1cdf1cb96
2026/08/24 09:31:39 [25016] cd+++++++++ .git/objects/af/
2026/08/24 09:31:39 [25016] <f+++++++++ .git/objects/af/1c1bb6fe08684061d5daa0ee3a5c202f73c358
2026/08/24 09:31:39 [25016] <f+++++++++ .git/objects/af/5144326575fd357afba1d70553b6566e3e4665
2026/08/24 09:31:39 [25016] <f+++++++++ .git/objects/af/930aa4ca024fd56b12c41c459fa0f999ebbc90
2026/08/24 09:31:39 [25016] <f+++++++++ .git/objects/af/b5a2362895ce3dd7ef6e0250eb08c091352418
2026/08/24 09:31:39 [25016] <f+++++++++ .git/objects/af/c5ab1a978ffda70edce54bb04932b882fc827d
2026/08/24 09:31:39 [25016] <f+++++++++ .git/objects/af/d71bf763de410f15b2fb5a189b1a1183912630
2026/08/24 09:31:39 [25016] <f+++++++++ .git/objects/af/fc33d4751a7fe43963a90e4c6aff1e3eb94139
2026/08/24 09:31:39 [25016] cd+++++++++ .git/objects/b0/
2026/08/24 09:31:39 [25016] <f+++++++++ .git/objects/b0/3c230e6f1ab1a3aab24bd5adc2d745c2bfa2bd
2026/08/24 09:31:39 [25016] <f+++++++++ .git/objects/b0/5c49dde43dda9e37203202fab28a08f43561f9
2026/08/24 09:31:39 [25016] <f+++++++++ .git/objects/b0/b0a3628d8a2a832998982819f884c33f693988
2026/08/24 09:31:39 [25016] <f+++++++++ .git/objects/b0/faa66a3c12580e39062d38ac2cd09af4d2fb03
2026/08/24 09:31:39 [25016] cd+++++++++ .git/objects/b1/
2026/08/24 09:31:39 [25016] <f+++++++++ .git/objects/b1/180008040649e8b3251b1e389cbc925de8731f
2026/08/24 09:31:39 [25016] <f+++++++++ .git/objects/b1/398e1661bfa294b1d01117597cfc16bde11576
2026/08/24 09:31:39 [25016] <f+++++++++ .git/objects/b1/521dfc5ceec53c71850b43737df2dfed89a5b8
2026/08/24 09:31:39 [25016] <f+++++++++ .git/objects/b1/55959a1d53d3249d1706b9a20751e9322d1807
2026/08/24 09:31:39 [25016] <f+++++++++ .git/objects/b1/92aacec8abd241e07d8409b2f02fa8bfbea22d
2026/08/24 09:31:39 [25016] <f+++++++++ .git/objects/b1/ca28d9b057ffd4629cc9ef079155366285856e
2026/08/24 09:31:39 [25016] <f+++++++++ .git/objects/b1/e7af20caaad5f4678e26147e162314dcf1f7a7
2026/08/24 09:31:39 [25016] <f+++++++++ .git/objects/b1/edfdf9b2003690810515f2627bd684f14e6936
2026/08/24 09:31:39 [25016] cd+++++++++ .git/objects/b2/
2026/08/24 09:31:39 [25016] <f+++++++++ .git/objects/b2/0e0b37f2cfd1a295146f996f228f43787274d7
2026/08/24 09:31:39 [25016] <f+++++++++ .git/objects/b2/821600d25790fe79e3f1082fadf8a379ed84c8
2026/08/24 09:31:39 [25016] <f+++++++++ .git/objects/b2/8834ee06f928bc25462d2e8e29805f099d5861
2026/08/24 09:31:39 [25016] <f+++++++++ .git/objects/b2/d0524568fb0046115f509e03747a32f660848a
2026/08/24 09:31:39 [25016] <f+++++++++ .git/objects/b2/e8907ff200ab19c8eb99ea7c828e76d2730cb7
2026/08/24 09:31:39 [25016] <f+++++++++ .git/objects/b2/ea98c06c87a140f667e224f37446787911b27c
2026/08/24 09:31:39 [25016] cd+++++++++ .git/objects/b3/
2026/08/24 09:31:39 [25016] <f+++++++++ .git/objects/b3/01ac8368f9da7c50c070cfa20e350b3aa7a8f0
2026/08/24 09:31:39 [25016] <f+++++++++ .git/objects/b3/416f95576475ecd45922feb4051f20d8a6a855
2026/08/24 09:31:39 [25016] <f+++++++++ .git/objects/b3/5525a8bfdc9aa480276e015308436762dac8e7
2026/08/24 09:31:39 [25016] <f+++++++++ .git/objects/b3/5dc40dd081532698384673c53e733f4066d48b
2026/08/24 09:31:39 [25016] <f+++++++++ .git/objects/b3/792623316ebfec6321db70b5513200c69a6deb
2026/08/24 09:31:39 [25016] <f+++++++++ .git/objects/b3/bd7c237eecb62807ba3a5d7c763ddfe8cd1912
2026/08/24 09:31:39 [25016] <f+++++++++ .git/objects/b3/d86404ab540b6e27a80c1e6db0d9c0113e2ddd
2026/08/24 09:31:39 [25016] <f+++++++++ .git/objects/b3/f8a0ff773095f3d9390d42c8204f8c9618952b
2026/08/24 09:31:39 [25016] cd+++++++++ .git/objects/b4/
2026/08/24 09:31:39 [25016] <f+++++++++ .git/objects/b4/178ef691c15c5705f114e61c110a747bb38639
2026/08/24 09:31:39 [25016] <f+++++++++ .git/objects/b4/2a1f6d3a7f0d9eb6b5061bbceb027c376cc40f
2026/08/24 09:31:39 [25016] <f+++++++++ .git/objects/b4/b1ffe917d286819fa71d9c461c5edcc0b157ed
2026/08/24 09:31:39 [25016] cd+++++++++ .git/objects/b5/
2026/08/24 09:31:39 [25016] <f+++++++++ .git/objects/b5/0979cd79326738ca41f9bb322fbd34e3481375
2026/08/24 09:31:39 [25016] <f+++++++++ .git/objects/b5/97971b724b2315bd84768a490e9fcc4a92281f
2026/08/24 09:31:39 [25016] <f+++++++++ .git/objects/b5/d0a13ab39d9bbfd565984db4937b3f69134f7d
2026/08/24 09:31:39 [25016] cd+++++++++ .git/objects/b6/
2026/08/24 09:31:39 [25016] <f+++++++++ .git/objects/b6/317aefa7a47082ae433e245a3ff6738c74762c
2026/08/24 09:31:39 [25016] <f+++++++++ .git/objects/b6/d1e180f47d2fb0e537cd523b0640b47c177d45
2026/08/24 09:31:39 [25016] <f+++++++++ .git/objects/b6/d618b16003a58ee7252163812fe9ed9e7c0bc8
2026/08/24 09:31:39 [25016] cd+++++++++ .git/objects/b7/
2026/08/24 09:31:39 [25016] <f+++++++++ .git/objects/b7/c6061eb18115cab3700d142c4cfa378758882c
2026/08/24 09:31:39 [25016] <f+++++++++ .git/objects/b7/ea10bb164dd309bfac43beedb6d36df113567f
2026/08/24 09:31:39 [25016] cd+++++++++ .git/objects/b8/
2026/08/24 09:31:39 [25016] <f+++++++++ .git/objects/b8/8d7f34acc13cbb19b00b618e32e138ddcb43d6
2026/08/24 09:31:39 [25016] <f+++++++++ .git/objects/b8/a515ebc87cea1f3cff28c9449708736e71dd5d
2026/08/24 09:31:39 [25016] cd+++++++++ .git/objects/b9/
2026/08/24 09:31:39 [25016] <f+++++++++ .git/objects/b9/03a357e836e8571a7c995833353e6520474be8
2026/08/24 09:31:39 [25016] <f+++++++++ .git/objects/b9/043bb7e2a7d79d33531c3a289b8bdf6c0ec881
2026/08/24 09:31:39 [25016] <f+++++++++ .git/objects/b9/3e628f09f8cea48e45d5f09614535571eed9a4
2026/08/24 09:31:39 [25016] <f+++++++++ .git/objects/b9/8b043fe65e2313a266559b50fbf11e9e2ee8d3
2026/08/24 09:31:39 [25016] <f+++++++++ .git/objects/b9/9b6087d0bee7268644161f3d64d640e124742a
2026/08/24 09:31:39 [25016] <f+++++++++ .git/objects/b9/f2be4b40ceb8c94067e44947de1e311969bbd6
2026/08/24 09:31:39 [25016] cd+++++++++ .git/objects/ba/
2026/08/24 09:31:39 [25016] <f+++++++++ .git/objects/ba/538b339b9e0bb2f65f63985875af830b187a10
2026/08/24 09:31:39 [25016] <f+++++++++ .git/objects/ba/c639d6257b410a271478a680a87a9894565305
2026/08/24 09:31:39 [25016] <f+++++++++ .git/objects/ba/e69e3d0b26301a22f4d9d0f633d1e957b70f25
2026/08/24 09:31:39 [25016] cd+++++++++ .git/objects/bb/
2026/08/24 09:31:39 [25016] <f+++++++++ .git/objects/bb/a22e01817f8230a5201c06a1252bfbca79a591
2026/08/24 09:31:39 [25016] <f+++++++++ .git/objects/bb/a6b7965f1ce865a92b147e14bf7308220641ca
2026/08/24 09:31:39 [25016] <f+++++++++ .git/objects/bb/acf25a39dd62467427458caa36f1da62f0b5a9
2026/08/24 09:31:39 [25016] <f+++++++++ .git/objects/bb/c9af5ee6cfa80cd4b896faba4c75260fcfcd9c
2026/08/24 09:31:39 [25016] cd+++++++++ .git/objects/bc/
2026/08/24 09:31:39 [25016] <f+++++++++ .git/objects/bc/32d26bfad8b7911e74b6d547444a5d0064ca11
2026/08/24 09:31:39 [25016] <f+++++++++ .git/objects/bc/4694246c502e064a0fed4c8d3aa3940f07e3b2
2026/08/24 09:31:39 [25016] <f+++++++++ .git/objects/bc/8247e87565f61d37bf62c83e842279bcdefcc1
2026/08/24 09:31:39 [25016] cd+++++++++ .git/objects/bd/
2026/08/24 09:31:39 [25016] <f+++++++++ .git/objects/bd/1a03d67ec15f21f65a63ab845cb1e7991c3ce2
2026/08/24 09:31:39 [25016] <f+++++++++ .git/objects/bd/2dbe04529821dc6bb76cf05f1109a0f94e0e6d
2026/08/24 09:31:39 [25016] <f+++++++++ .git/objects/bd/be244f9938b735f2e13a93feb7b777ba1c3e72
2026/08/24 09:31:39 [25016] cd+++++++++ .git/objects/be/
2026/08/24 09:31:39 [25016] <f+++++++++ .git/objects/be/297651ebca6a909bbed6cbfe85ffdcb7646dcd
2026/08/24 09:31:39 [25016] <f+++++++++ .git/objects/be/abd08672cca2916d71505b6f2925f54370ea61
2026/08/24 09:31:39 [25016] cd+++++++++ .git/objects/bf/
2026/08/24 09:31:39 [25016] <f+++++++++ .git/objects/bf/79dfb2a7d2690f38a9fe48a7b614d56cfc4d59
2026/08/24 09:31:39 [25016] <f+++++++++ .git/objects/bf/a74b5e867566c6c2c2cc8099ea2655ebcb249f
2026/08/24 09:31:39 [25016] <f+++++++++ .git/objects/bf/bf363f26c49ac11871fa6fe451b7747751d1b2
2026/08/24 09:31:39 [25016] <f+++++++++ .git/objects/bf/c4d6f4f459739a31edc13dffdaee737641e722
2026/08/24 09:31:39 [25016] <f+++++++++ .git/objects/bf/f4a54cfba75e899cb359b2fd3fe62431967e8d
2026/08/24 09:31:39 [25016] cd+++++++++ .git/objects/c0/
2026/08/24 09:31:39 [25016] <f+++++++++ .git/objects/c0/377a5b58e9dedfbdff829d3a4d8e99e0eb411f
2026/08/24 09:31:39 [25016] <f+++++++++ .git/objects/c0/577058680fa20a85908687f1b37d5f053d908c
2026/08/24 09:31:39 [25016] cd+++++++++ .git/objects/c1/
2026/08/24 09:31:39 [25016] <f+++++++++ .git/objects/c1/c21e717969a72cb22c5a1f56404a8f657707b3
2026/08/24 09:31:39 [25016] cd+++++++++ .git/objects/c2/
2026/08/24 09:31:39 [25016] <f+++++++++ .git/objects/c2/413325b784e6c1274b41b7cd49f6dcde5a9d9a
2026/08/24 09:31:39 [25016] cd+++++++++ .git/objects/c3/
2026/08/24 09:31:39 [25016] <f+++++++++ .git/objects/c3/31ae249895620df4535d5cc07e53cc1ea8926e
2026/08/24 09:31:39 [25016] <f+++++++++ .git/objects/c3/4a112f155c26decbf8af140e1b8ed81e7f1703
2026/08/24 09:31:39 [25016] <f+++++++++ .git/objects/c3/b3339b052245d99fb4d41aa08861fcfcb40b46
2026/08/24 09:31:39 [25016] cd+++++++++ .git/objects/c4/
2026/08/24 09:31:39 [25016] <f+++++++++ .git/objects/c4/0fb2e2728e78f5046cb60bed0c35d17a93437c
2026/08/24 09:31:39 [25016] <f+++++++++ .git/objects/c4/6fe433fae0c93deebe3719fda0be5b67cf174a
2026/08/24 09:31:39 [25016] <f+++++++++ .git/objects/c4/936eefab38783c6da3bb5d90f2eb9c36ec4d2d
2026/08/24 09:31:39 [25016] cd+++++++++ .git/objects/c5/
2026/08/24 09:31:39 [25016] <f+++++++++ .git/objects/c5/40a53d9aaa97f7de69f45c3ff91e0b06647bf4
2026/08/24 09:31:39 [25016] <f+++++++++ .git/objects/c5/6eb6923e99bdf4d70341d7074e2d6ea4be1c26
2026/08/24 09:31:39 [25016] <f+++++++++ .git/objects/c5/98750b1475eb48c021aa29de70cc16bf29eec7
2026/08/24 09:31:39 [25016] <f+++++++++ .git/objects/c5/ae4e50a7efb2cc191b2265121a3f414d6a0b41
2026/08/24 09:31:39 [25016] <f+++++++++ .git/objects/c5/b9e6f0ec9e129d1554abe0946d2c9aa248e6f6
2026/08/24 09:31:39 [25016] cd+++++++++ .git/objects/c6/
2026/08/24 09:31:39 [25016] <f+++++++++ .git/objects/c6/d18b1136b08aec76aeb1fa002dee88811030b7
2026/08/24 09:31:39 [25016] cd+++++++++ .git/objects/c7/
2026/08/24 09:31:39 [25016] <f+++++++++ .git/objects/c7/52851a0e2818014430cecf68c9978fad6b0893
2026/08/24 09:31:39 [25016] <f+++++++++ .git/objects/c7/9b6e2abe2a9f0b433873280f7272f56be46d8e
2026/08/24 09:31:39 [25016] <f+++++++++ .git/objects/c7/acdd8c861fdae3583c308136e9f997732d4de3
2026/08/24 09:31:39 [25016] <f+++++++++ .git/objects/c7/ef0b875b87b7ce1ac66682ebf78eb58b60808d
2026/08/24 09:31:39 [25016] cd+++++++++ .git/objects/c8/
2026/08/24 09:31:39 [25016] <f+++++++++ .git/objects/c8/91b60fdf93f1e163c267b16166f827c5e09e87
2026/08/24 09:31:39 [25016] <f+++++++++ .git/objects/c8/9c95a0581f283ae9026f5ef1e9237869fa0628
2026/08/24 09:31:39 [25016] <f+++++++++ .git/objects/c8/a2a85a41d66d74ab1a9ee2c6e4396a88b53cf4
2026/08/24 09:31:39 [25016] cd+++++++++ .git/objects/c9/
2026/08/24 09:31:39 [25016] <f+++++++++ .git/objects/c9/063deff346d0105ff098b753f84f4c93835b0c
2026/08/24 09:31:39 [25016] cd+++++++++ .git/objects/ca/
2026/08/24 09:31:39 [25016] <f+++++++++ .git/objects/ca/10068a03ce042574c9c595a948ba780bb3cb17
2026/08/24 09:31:39 [25016] <f+++++++++ .git/objects/ca/35bdef3ed0246f5e9ed3990ac5e2da2f18a110
2026/08/24 09:31:39 [25016] <f+++++++++ .git/objects/ca/3b1c5a7112dfa3e51bbd0d5cd24723780e56c0
2026/08/24 09:31:39 [25016] <f+++++++++ .git/objects/ca/577ce3ca27712e2460d4cfeeea0a47de420c7b
2026/08/24 09:31:39 [25016] cd+++++++++ .git/objects/cb/
2026/08/24 09:31:39 [25016] <f+++++++++ .git/objects/cb/843c6a96645db46799f6e2e260efc04cdefe73
2026/08/24 09:31:39 [25016] <f+++++++++ .git/objects/cb/a5141c2613abedf62d6e22fc8e2a590a85dca3
2026/08/24 09:31:39 [25016] <f+++++++++ .git/objects/cb/ab3d6781b2c909ddea7857f7185e8fd2908109
2026/08/24 09:31:39 [25016] <f+++++++++ .git/objects/cb/acc974ddf96c8a8996770dc73bd8b692263e6d
2026/08/24 09:31:39 [25016] <f+++++++++ .git/objects/cb/d6459056500b62c1d285f0c4731ec310c37806
2026/08/24 09:31:39 [25016] cd+++++++++ .git/objects/cc/
2026/08/24 09:31:39 [25016] <f+++++++++ .git/objects/cc/358b09d191e6f097d9f9897b00e3eef0d642b8
2026/08/24 09:31:39 [25016] <f+++++++++ .git/objects/cc/49f609256b299a8198e2cb57b32b8a0b0aebea
2026/08/24 09:31:39 [25016] <f+++++++++ .git/objects/cc/5cf8243c9e320aff22f5e75009ea9fe93ff2f1
2026/08/24 09:31:39 [25016] <f+++++++++ .git/objects/cc/8b8296569478cabb87146e7b4b992fcf7c7457
2026/08/24 09:31:39 [25016] <f+++++++++ .git/objects/cc/c524f6b997983ba2279ce0e484701cb6ce63fb
2026/08/24 09:31:39 [25016] cd+++++++++ .git/objects/cd/
2026/08/24 09:31:39 [25016] <f+++++++++ .git/objects/cd/793a220c145f9ff1ef9b4e664e0904856609b7
2026/08/24 09:31:39 [25016] cd+++++++++ .git/objects/ce/
2026/08/24 09:31:39 [25016] <f+++++++++ .git/objects/ce/0111051f5033fc4c2cd7265d45df2abc29314a
2026/08/24 09:31:39 [25016] <f+++++++++ .git/objects/ce/50576d90d24743e25a46c8a18e7ed8396af44b
2026/08/24 09:31:39 [25016] <f+++++++++ .git/objects/ce/8ac95a0ac2de44d861e20f0a477815bb36045f
2026/08/24 09:31:39 [25016] <f+++++++++ .git/objects/ce/ab81ddd07e6e19a3bf88a00293d64dafe20a08
2026/08/24 09:31:39 [25016] <f+++++++++ .git/objects/ce/ed8599e879aa61d0fff360c744ea0db1d7a476
2026/08/24 09:31:39 [25016] <f+++++++++ .git/objects/ce/f0b0edf4ed11965fde322144f7f9307c05085a
2026/08/24 09:31:39 [25016] cd+++++++++ .git/objects/cf/
2026/08/24 09:31:39 [25016] <f+++++++++ .git/objects/cf/16987532959b11e35c1d3f125b93285f3932bf
2026/08/24 09:31:39 [25016] <f+++++++++ .git/objects/cf/517034f3902615fede3c02acc6e80102dc372c
2026/08/24 09:31:39 [25016] <f+++++++++ .git/objects/cf/c619e1690626a773fc58dfe1e1afeb185d274c
2026/08/24 09:31:39 [25016] cd+++++++++ .git/objects/d0/
2026/08/24 09:31:39 [25016] <f+++++++++ .git/objects/d0/681b6c3473d02ba96dbecb9c1af179497b2785
2026/08/24 09:31:39 [25016] <f+++++++++ .git/objects/d0/7b3da6fa234cfd22c1863991a5dd1c533424a5
2026/08/24 09:31:39 [25016] <f+++++++++ .git/objects/d0/7fdab849a150855a4224d0467c3bdef1423258
2026/08/24 09:31:39 [25016] <f+++++++++ .git/objects/d0/a4cefbb4eefb67ffb15a4d2cf659b72f0886db
2026/08/24 09:31:39 [25016] <f+++++++++ .git/objects/d0/a86f1a98f4d1d86efeb9fcaa6f521a2cd621fa
2026/08/24 09:31:39 [25016] cd+++++++++ .git/objects/d1/
2026/08/24 09:31:39 [25016] <f+++++++++ .git/objects/d1/2015d8283b46a917db4b00d8d85919a525d63b
2026/08/24 09:31:39 [25016] <f+++++++++ .git/objects/d1/714fa5390414f15e0d2414668298bcf14d1ca5
2026/08/24 09:31:39 [25016] <f+++++++++ .git/objects/d1/7cb6a57c10a1e33ca2d19df7875d5a12b9ee6a
2026/08/24 09:31:39 [25016] <f+++++++++ .git/objects/d1/93faeabcf274caa27359a2063a490a664115c3
2026/08/24 09:31:39 [25016] <f+++++++++ .git/objects/d1/de257cb1443b16faee6849c20dc99f01fd2a9c
2026/08/24 09:31:39 [25016] cd+++++++++ .git/objects/d3/
2026/08/24 09:31:39 [25016] <f+++++++++ .git/objects/d3/ae491a9420575468b4c9e4db1bfb4fee89ba40
2026/08/24 09:31:39 [25016] cd+++++++++ .git/objects/d4/
2026/08/24 09:31:39 [25016] <f+++++++++ .git/objects/d4/2fb8e19db395294ac6fdefe23ff85b162b1f78
2026/08/24 09:31:39 [25016] <f+++++++++ .git/objects/d4/c6932a9a3caa033682d3cbb1408155cef7b8ed
2026/08/24 09:31:39 [25016] <f+++++++++ .git/objects/d4/c82b60c655f4a514f96af6537d10d5f12adcb7
2026/08/24 09:31:39 [25016] <f+++++++++ .git/objects/d4/da38695b91103beb7fcf821cdd4f25165022d8
2026/08/24 09:31:39 [25016] cd+++++++++ .git/objects/d5/
2026/08/24 09:31:39 [25016] <f+++++++++ .git/objects/d5/37a7c5487c9897262bc862cff1913ae8d973b7
2026/08/24 09:31:39 [25016] <f+++++++++ .git/objects/d5/a795ffe5b2913d25f92e92fc04bcd319858e5e
2026/08/24 09:31:39 [25016] <f+++++++++ .git/objects/d5/b32c649d625317434da83644c8c26ddc8d8f3f
2026/08/24 09:31:39 [25016] <f+++++++++ .git/objects/d5/c5d7f003ad608d61583fc67ec3e0765669b247
2026/08/24 09:31:39 [25016] cd+++++++++ .git/objects/d6/
2026/08/24 09:31:39 [25016] <f+++++++++ .git/objects/d6/12433b49271815eace1f724127b706651b27b1
2026/08/24 09:31:39 [25016] <f+++++++++ .git/objects/d6/1d951d3abe27a93221ed139f2efbd5abe5eef9
2026/08/24 09:31:39 [25016] <f+++++++++ .git/objects/d6/443d5aee73a426a75f298a9b0bb01de4f123a6
2026/08/24 09:31:39 [25016] <f+++++++++ .git/objects/d6/a59d635e366b29693ef524dc3070316e5116c2
2026/08/24 09:31:39 [25016] cd+++++++++ .git/objects/d7/
2026/08/24 09:31:39 [25016] <f+++++++++ .git/objects/d7/165194c7698eb305176117c749ad016c331bff
2026/08/24 09:31:39 [25016] <f+++++++++ .git/objects/d7/711329130b9a40e095fa2ceef2d068a9128604
2026/08/24 09:31:39 [25016] <f+++++++++ .git/objects/d7/a0ca8eb0170a4e54eb9012039dab4c4b8155a7
2026/08/24 09:31:39 [25016] <f+++++++++ .git/objects/d7/ba7eafb6fa424103864bba4e45e916588317f0
2026/08/24 09:31:39 [25016] <f+++++++++ .git/objects/d7/bafdedfe66f174ec16f5353d49f65c84e52eb9
2026/08/24 09:31:39 [25016] cd+++++++++ .git/objects/d8/
2026/08/24 09:31:39 [25016] <f+++++++++ .git/objects/d8/253b4e22edca08ecc39c1fe976df3027215614
2026/08/24 09:31:39 [25016] <f+++++++++ .git/objects/d8/553ecb93a857f0134407cf6f8a439e97716265
2026/08/24 09:31:39 [25016] <f+++++++++ .git/objects/d8/950584525b2764b1348f18619e81b4f71feb73
2026/08/24 09:31:39 [25016] <f+++++++++ .git/objects/d8/de23beba072cb4c0474cdd2955fb3b07cbcc84
2026/08/24 09:31:39 [25016] <f+++++++++ .git/objects/d8/f7ad163c723871fc271c6605ffcf23d7adcf80
2026/08/24 09:31:39 [25016] cd+++++++++ .git/objects/d9/
2026/08/24 09:31:39 [25016] <f+++++++++ .git/objects/d9/00521ce8a64092ba2ebbceb478328a7713e53b
2026/08/24 09:31:39 [25016] <f+++++++++ .git/objects/d9/2e04878598b9ca0885fc8fee7d2f7168660bed
2026/08/24 09:31:39 [25016] <f+++++++++ .git/objects/d9/927425bcbe1d031127b6c4568e556c4afec219
2026/08/24 09:31:39 [25016] <f+++++++++ .git/objects/d9/9a3a2a34c2b0f9152d0c16b5819467243960ff
2026/08/24 09:31:39 [25016] <f+++++++++ .git/objects/d9/eca261645515a7d09552672126884d40eb02d7
2026/08/24 09:31:39 [25016] cd+++++++++ .git/objects/da/
2026/08/24 09:31:39 [25016] <f+++++++++ .git/objects/da/0e12d8f1f7b26d0e10a1e8f4547d4387447eea
2026/08/24 09:31:39 [25016] <f+++++++++ .git/objects/da/621c708b3a28e4bdba38ba2ee3fe5485100469
2026/08/24 09:31:39 [25016] <f+++++++++ .git/objects/da/8cb863793696a9fdcb19a1a99a22919ac9bdf5
2026/08/24 09:31:39 [25016] <f+++++++++ .git/objects/da/92b3faf6641d383a0362fd0b77e10d629a1290
2026/08/24 09:31:39 [25016] <f+++++++++ .git/objects/da/c15fa7ffc02d6262175667093701b4ab0fb681
2026/08/24 09:31:39 [25016] <f+++++++++ .git/objects/da/e9794879eb250b74ea54a4c01b76b4d6d346e5
2026/08/24 09:31:39 [25016] cd+++++++++ .git/objects/db/
2026/08/24 09:31:39 [25016] <f+++++++++ .git/objects/db/0e505b38a11335f8a88704ce87bd53b43975ef
2026/08/24 09:31:39 [25016] <f+++++++++ .git/objects/db/1299b8e7d3c3077fc370a5d66775d53f08d476
2026/08/24 09:31:39 [25016] <f+++++++++ .git/objects/db/49d1eea244430c392236aa971d7df03d65c1b9
2026/08/24 09:31:39 [25016] <f+++++++++ .git/objects/db/b79c50e20f114d8a012df55b0a1cc2f8ccc689
2026/08/24 09:31:39 [25016] <f+++++++++ .git/objects/db/c98cbe184f0897caac292e9305e56fda8bc4b4
2026/08/24 09:31:39 [25016] <f+++++++++ .git/objects/db/d546999303cc0e2ee5e9948c25c4048f93e4a5
2026/08/24 09:31:39 [25016] cd+++++++++ .git/objects/dc/
2026/08/24 09:31:39 [25016] <f+++++++++ .git/objects/dc/7cb9f063bf9a792a65ab7da043fe97d59091c1
2026/08/24 09:31:39 [25016] <f+++++++++ .git/objects/dc/805472145fa7a4c56d1069e89514e3e075f00b
2026/08/24 09:31:39 [25016] <f+++++++++ .git/objects/dc/cb1972f1bc77a4e8d627db53ac0b1e225f51f6
2026/08/24 09:31:39 [25016] <f+++++++++ .git/objects/dc/ebe29ba86c6f04a2750b6c877fe23ac2b438dc
2026/08/24 09:31:39 [25016] cd+++++++++ .git/objects/dd/
2026/08/24 09:31:39 [25016] <f+++++++++ .git/objects/dd/6b22e7438f22fecf72283b5c0bfe7f3d9611c4
2026/08/24 09:31:39 [25016] cd+++++++++ .git/objects/de/
2026/08/24 09:31:39 [25016] <f+++++++++ .git/objects/de/2fcb81534f4b02959bf5ba6d941141f0abc882
2026/08/24 09:31:39 [25016] <f+++++++++ .git/objects/de/3f58cdba4e34f722025c13e9a9efa18530f0ad
2026/08/24 09:31:39 [25016] <f+++++++++ .git/objects/de/c4a7b3c8c3c52e54d362ada44025692bbc8adb
2026/08/24 09:31:39 [25016] <f+++++++++ .git/objects/de/eb1d59227929d7f4cbbdb2fb964ca5bc2885d5
2026/08/24 09:31:39 [25016] cd+++++++++ .git/objects/df/
2026/08/24 09:31:39 [25016] <f+++++++++ .git/objects/df/0f8d70d4a760e0b0da402cf76289170f7933f4
2026/08/24 09:31:39 [25016] <f+++++++++ .git/objects/df/1921ac5f9314eba4d3faf2db2493264ae2b064
2026/08/24 09:31:39 [25016] <f+++++++++ .git/objects/df/1e6d2c24a8b70965584c533289594800738930
2026/08/24 09:31:39 [25016] <f+++++++++ .git/objects/df/27b73f245ce56ce7b1cd9d43b042acb789525b
2026/08/24 09:31:39 [25016] <f+++++++++ .git/objects/df/3401709f7dd422714bfb064975ec723e9c9a28
2026/08/24 09:31:39 [25016] <f+++++++++ .git/objects/df/50e249c5f0bb4f89196a6c1e90887aefa55f16
2026/08/24 09:31:39 [25016] <f+++++++++ .git/objects/df/85ab2c5e46f5644a4a1ac55d216a29087b4c0f
2026/08/24 09:31:39 [25016] <f+++++++++ .git/objects/df/a4230aed1dea2ad5421bf2bd329a356ad827f4
2026/08/24 09:31:39 [25016] <f+++++++++ .git/objects/df/c6629fe6551f2ba6ac1e45b2fab15ed4842b3d
2026/08/24 09:31:39 [25016] cd+++++++++ .git/objects/e0/
2026/08/24 09:31:39 [25016] <f+++++++++ .git/objects/e0/3017ef590e1266b1070666b608bb3f80121070
2026/08/24 09:31:39 [25016] <f+++++++++ .git/objects/e0/470da05f98947a1b42bc97bdce330a16d8a250
2026/08/24 09:31:39 [25016] <f+++++++++ .git/objects/e0/4e73d36b9ff67a6500a116b742dd160c5cf582
2026/08/24 09:31:39 [25016] <f+++++++++ .git/objects/e0/5918dc1ab7c019c8c8538862dac636d706c003
2026/08/24 09:31:39 [25016] <f+++++++++ .git/objects/e0/fea5a2221c85d1fc5112997b919f6047d176ad
2026/08/24 09:31:39 [25016] cd+++++++++ .git/objects/e1/
2026/08/24 09:31:39 [25016] <f+++++++++ .git/objects/e1/12e38e319ce7585dbbc0947d1394333006bc2c
2026/08/24 09:31:39 [25016] <f+++++++++ .git/objects/e1/5c08727166e0072323486c32d423c55d2b8581
2026/08/24 09:31:39 [25016] <f+++++++++ .git/objects/e1/9ff10ced9366ceb29b0ac2b6b9376bf1379a2c
2026/08/24 09:31:39 [25016] <f+++++++++ .git/objects/e1/aee318893aa259acbd486f76eadba57e547574
2026/08/24 09:31:39 [25016] cd+++++++++ .git/objects/e2/
2026/08/24 09:31:39 [25016] <f+++++++++ .git/objects/e2/1493fa480fd45034795b2192b83bbdeb1f6c39
2026/08/24 09:31:39 [25016] <f+++++++++ .git/objects/e2/1df88a29d84efb4030a1b36fc2967c5545cc15
2026/08/24 09:31:39 [25016] <f+++++++++ .git/objects/e2/4b5bc7965c48ec07b79cd46ffa7654fe96a647
2026/08/24 09:31:39 [25016] cd+++++++++ .git/objects/e3/
2026/08/24 09:31:39 [25016] <f+++++++++ .git/objects/e3/6e59b3fa5787d7f1783efd591ef57be8b2d6cd
2026/08/24 09:31:39 [25016] cd+++++++++ .git/objects/e4/
2026/08/24 09:31:39 [25016] <f+++++++++ .git/objects/e4/127f0538665e9fedef5ab0137327cc056edb0b
2026/08/24 09:31:39 [25016] <f+++++++++ .git/objects/e4/1d307c947ba643ff9f04f01cb6de33f77e55c3
2026/08/24 09:31:39 [25016] <f+++++++++ .git/objects/e4/9184e5f3ab2ddd2613c0ef1d6f24cdf054450c
2026/08/24 09:31:39 [25016] cd+++++++++ .git/objects/e5/
2026/08/24 09:31:39 [25016] <f+++++++++ .git/objects/e5/06989786a5b3cd05cf6aa8ae1a9c28e90fb8b3
2026/08/24 09:31:39 [25016] <f+++++++++ .git/objects/e5/5ac3b494eec1cebcad55e0eddd79688ce2b844
2026/08/24 09:31:39 [25016] <f+++++++++ .git/objects/e5/d9ed75b53aa0be1eb819d50f6e5d7baa3b5e3c
2026/08/24 09:31:39 [25016] cd+++++++++ .git/objects/e6/
2026/08/24 09:31:39 [25016] <f+++++++++ .git/objects/e6/1a83fedcff72e88c197b2df6f054cfece8fe84
2026/08/24 09:31:39 [25016] <f+++++++++ .git/objects/e6/225710d33be72cfbc283974e83dceaadaca63c
2026/08/24 09:31:39 [25016] <f+++++++++ .git/objects/e6/26f0dcaeee34c0be2c473c09c17148f71eeccb
2026/08/24 09:31:39 [25016] <f+++++++++ .git/objects/e6/80fd5a238e92b23fa45779d5faac8ad8ce898c
2026/08/24 09:31:39 [25016] <f+++++++++ .git/objects/e6/9de29bb2d1d6434b8b29ae775ad8c2e48c5391
2026/08/24 09:31:39 [25016] cd+++++++++ .git/objects/e7/
2026/08/24 09:31:39 [25016] <f+++++++++ .git/objects/e7/665156a022e3a6200c11eee005602b382bd85f
2026/08/24 09:31:39 [25016] <f+++++++++ .git/objects/e7/d8a98b578b309f7784664b2c3512d3c009a817
2026/08/24 09:31:39 [25016] cd+++++++++ .git/objects/e8/
2026/08/24 09:31:39 [25016] <f+++++++++ .git/objects/e8/5a662743a6ad9372f3f979527536cc95e881dd
2026/08/24 09:31:39 [25016] cd+++++++++ .git/objects/e9/
2026/08/24 09:31:39 [25016] <f+++++++++ .git/objects/e9/0cadc0bf3b5a63c40095ce21576b9cbbf97d18
2026/08/24 09:31:39 [25016] <f+++++++++ .git/objects/e9/57890335e422ce0121842ae7ea289c8277a52a
2026/08/24 09:31:39 [25016] <f+++++++++ .git/objects/e9/87e8fc7f67166995adb05797963e89e74dcde0
2026/08/24 09:31:39 [25016] cd+++++++++ .git/objects/ea/
2026/08/24 09:31:39 [25016] <f+++++++++ .git/objects/ea/76529c20ab1ff2f06e3f9b154b3e86ee8bd28f
2026/08/24 09:31:39 [25016] <f+++++++++ .git/objects/ea/84a8eb4f5123a29bb07aa51c804ee6c7393fa3
2026/08/24 09:31:39 [25016] cd+++++++++ .git/objects/eb/
2026/08/24 09:31:39 [25016] <f+++++++++ .git/objects/eb/cd9f75880d476226ab554f85a4a2f4a079da91
2026/08/24 09:31:39 [25016] <f+++++++++ .git/objects/eb/ce760df09d6a05284983991adcac404ec915b8
2026/08/24 09:31:39 [25016] <f+++++++++ .git/objects/eb/dab066fb5ebb0b7ff88ccb4ce3be2e27fbf09e
2026/08/24 09:31:39 [25016] <f+++++++++ .git/objects/eb/e2dd45d6c3fcea841d80a96f32b5049b4c4ad8
2026/08/24 09:31:39 [25016] <f+++++++++ .git/objects/eb/f243808e185e0548e598bf1e9ae5600992e951
2026/08/24 09:31:39 [25016] <f+++++++++ .git/objects/eb/f50174dcb2b46c41c0aa78dac4eca848ab76fa
2026/08/24 09:31:39 [25016] cd+++++++++ .git/objects/ec/
2026/08/24 09:31:39 [25016] <f+++++++++ .git/objects/ec/286666fe970d077c6d3961e7289b44ebd1d61d
2026/08/24 09:31:39 [25016] <f+++++++++ .git/objects/ec/2fb259ed09412d19f3865b5e3f124c2cf90819
2026/08/24 09:31:39 [25016] <f+++++++++ .git/objects/ec/455772fc7fa1e1a6e650e6d97fe9c52e9d5e77
2026/08/24 09:31:39 [25016] <f+++++++++ .git/objects/ec/64112b1c68332399c211c2c62cf6b9924d53b7
2026/08/24 09:31:39 [25016] <f+++++++++ .git/objects/ec/8d66ffdabc3ae0d5de24ed48160ceedb5240d8
2026/08/24 09:31:39 [25016] <f+++++++++ .git/objects/ec/964720a3c0ac89503374cd953b097fa1898ef1
2026/08/24 09:31:39 [25016] <f+++++++++ .git/objects/ec/9de8056f343ebd5c550a9b307e966b98ef4048
2026/08/24 09:31:39 [25016] <f+++++++++ .git/objects/ec/f0be7d98f9e788272e97aca5f3a3a1f9aba377
2026/08/24 09:31:39 [25016] cd+++++++++ .git/objects/ed/
2026/08/24 09:31:39 [25016] <f+++++++++ .git/objects/ed/03e83ba90e2673f09fdae2ed0333ddf97eba79
2026/08/24 09:31:39 [25016] <f+++++++++ .git/objects/ed/4ace8b606a5ef696808ad8800a7167e0cef141
2026/08/24 09:31:39 [25016] <f+++++++++ .git/objects/ed/553007a6476f4f9b30f91e4c68db65850b5dda
2026/08/24 09:31:39 [25016] <f+++++++++ .git/objects/ed/8df3cbfb0fdffb2777d6366fab4fe99792372b
2026/08/24 09:31:39 [25016] <f+++++++++ .git/objects/ed/b911c96a2ee9f5e15555284a009dd2a243ecac
2026/08/24 09:31:39 [25016] <f+++++++++ .git/objects/ed/bb2413f1f688589c51a48b01c6163661694306
2026/08/24 09:31:39 [25016] <f+++++++++ .git/objects/ed/ef6d3e78c8e8fa976c6579e889826a68ddcfc2
2026/08/24 09:31:39 [25016] cd+++++++++ .git/objects/ef/
2026/08/24 09:31:39 [25016] <f+++++++++ .git/objects/ef/0633dc82ce7a19084abed0eba25b8aa9743929
2026/08/24 09:31:39 [25016] <f+++++++++ .git/objects/ef/0c2afe1b747bd9e0b2e4ff1d770aaef4b23612
2026/08/24 09:31:39 [25016] <f+++++++++ .git/objects/ef/a896cf41a381b3fae7a114e100ba7c4cb2396e
2026/08/24 09:31:39 [25016] cd+++++++++ .git/objects/f0/
2026/08/24 09:31:39 [25016] <f+++++++++ .git/objects/f0/1b65f185ec1cbe25952b0a509d775ec2dcfcc7
2026/08/24 09:31:39 [25016] <f+++++++++ .git/objects/f0/72f99ae5c67278c541886a26a68a6e4903edea
2026/08/24 09:31:39 [25016] cd+++++++++ .git/objects/f1/
2026/08/24 09:31:39 [25016] <f+++++++++ .git/objects/f1/4b3c8f32ea67c5a1b23e2ed29ffdd2aa9cbd16
2026/08/24 09:31:39 [25016] <f+++++++++ .git/objects/f1/4cec4991ce3565b7bcd7f237f366d5bd2871c3
2026/08/24 09:31:39 [25016] <f+++++++++ .git/objects/f1/51882b33785b2dbcfe968b590a5228afff50ab
2026/08/24 09:31:39 [25016] <f+++++++++ .git/objects/f1/f0d1801412dc43d9fc5204fb7cea2dadecbbb2
2026/08/24 09:31:39 [25016] cd+++++++++ .git/objects/f2/
2026/08/24 09:31:39 [25016] <f+++++++++ .git/objects/f2/1a2dba1ffbdb41d7a8971d7854507c7016d309
2026/08/24 09:31:39 [25016] <f+++++++++ .git/objects/f2/215e117973aa697de4c03e970889e69f6f92c2
2026/08/24 09:31:39 [25016] <f+++++++++ .git/objects/f2/565b5f72691b93a661965aa7fa34b02ce8202e
2026/08/24 09:31:39 [25016] <f+++++++++ .git/objects/f2/863dc5b00f23d0a32d34bfebc8113722382c16
2026/08/24 09:31:39 [25016] <f+++++++++ .git/objects/f2/cc06adf8c0578f24627d846bbad2f71e0781f7
2026/08/24 09:31:39 [25016] cd+++++++++ .git/objects/f3/
2026/08/24 09:31:39 [25016] <f+++++++++ .git/objects/f3/3c1a101cc4e7e7d8408998220f64898d4f85db
2026/08/24 09:31:39 [25016] <f+++++++++ .git/objects/f3/8db158dd7709f2eb708004a0f8e70afb3856d6
2026/08/24 09:31:39 [25016] <f+++++++++ .git/objects/f3/9df411d3f560878e4308292cb58c7ef49e047f
2026/08/24 09:31:39 [25016] <f+++++++++ .git/objects/f3/bb8377005eefb9632cab5fb233c89f9ab5334d
2026/08/24 09:31:39 [25016] cd+++++++++ .git/objects/f4/
2026/08/24 09:31:39 [25016] <f+++++++++ .git/objects/f4/08bdd54b3e1d54c8a6b6d4b8f70d1760149e78
2026/08/24 09:32:01 [25016] <f+++++++++ .git/objects/f4/6335218b563fd5664d44670809139be75d3633
2026/08/24 09:32:01 [25016] cd+++++++++ .git/objects/f5/
2026/08/24 09:32:01 [25016] <f+++++++++ .git/objects/f5/44bd5ef648f36baade8471e156b8aa6c474925
2026/08/24 09:32:01 [25016] <f+++++++++ .git/objects/f5/57e12e1149d753cf0f7557b5d7772427056700
2026/08/24 09:32:01 [25016] <f+++++++++ .git/objects/f5/9f6995554a1afe885f28ec5fe42439053a39cc
2026/08/24 09:32:01 [25016] cd+++++++++ .git/objects/f6/
2026/08/24 09:32:01 [25016] <f+++++++++ .git/objects/f6/39c7b696f21ee7654741e2ab62da75e201fd7e
2026/08/24 09:32:01 [25016] <f+++++++++ .git/objects/f6/f7f6c2bf1914a18bfc96c63af00d7ca3158c7b
2026/08/24 09:32:01 [25016] cd+++++++++ .git/objects/f7/
2026/08/24 09:32:01 [25016] <f+++++++++ .git/objects/f7/26cbb99b45a3d7caf7e6c7073a9e0195fb9905
2026/08/24 09:32:01 [25016] <f+++++++++ .git/objects/f7/91f7be830dd690e26550cd7a7eab8782ca9f9f
2026/08/24 09:32:01 [25016] <f+++++++++ .git/objects/f7/cc2a1ca51fd5f9f65855c31f33e469946bac63
2026/08/24 09:32:01 [25016] cd+++++++++ .git/objects/f8/
2026/08/24 09:32:01 [25016] <f+++++++++ .git/objects/f8/b82edf589826e52a153829480541f8389dba83
2026/08/24 09:32:01 [25016] cd+++++++++ .git/objects/f9/
2026/08/24 09:32:01 [25016] <f+++++++++ .git/objects/f9/481416abeca14f27527967a0227b2e8d4543f7
2026/08/24 09:32:01 [25016] <f+++++++++ .git/objects/f9/87876347d1abb5e40b231201e2173c75c093cf
2026/08/24 09:32:01 [25016] <f+++++++++ .git/objects/f9/8d1019eaf74563d50db3987949952a7c47005f
2026/08/24 09:32:01 [25016] <f+++++++++ .git/objects/f9/9265f40f801254087b5adcd4bf03ce3258b2ff
2026/08/24 09:32:01 [25016] <f+++++++++ .git/objects/f9/a8d9c15dd9390471abbef2a1f1b8057fdbb030
2026/08/24 09:32:01 [25016] <f+++++++++ .git/objects/f9/e70fcde6f05732c9bdbf24ad4b319e0d6cc505
2026/08/24 09:32:01 [25016] <f+++++++++ .git/objects/f9/edd5b53f2aa00dde3e75ca6e9890f7ecfecdb4
2026/08/24 09:32:01 [25016] cd+++++++++ .git/objects/fa/
2026/08/24 09:32:01 [25016] <f+++++++++ .git/objects/fa/351122b45f1e546fcd8c010d8ceb1554cc14e2
2026/08/24 09:32:01 [25016] <f+++++++++ .git/objects/fa/9ce7a0a6d0c2eda1d1b3eb70fb16449a9c2e45
2026/08/24 09:32:01 [25016] <f+++++++++ .git/objects/fa/cb5657337cf16ac45c30684f24cf173769948c
2026/08/24 09:32:01 [25016] cd+++++++++ .git/objects/fb/
2026/08/24 09:32:01 [25016] <f+++++++++ .git/objects/fb/5b512ef9322a77acb9d2adfdb2b416c8275441
2026/08/24 09:32:01 [25016] <f+++++++++ .git/objects/fb/7e35659e1e395022248b3e84eda5b440a8a94a
2026/08/24 09:32:01 [25016] <f+++++++++ .git/objects/fb/7fc99c0c0f1be9ec5a5fc094a73d0e6525b7a9
2026/08/24 09:32:01 [25016] <f+++++++++ .git/objects/fb/8b599e3edf2183d8911aa643105552098c90ee
2026/08/24 09:32:01 [25016] <f+++++++++ .git/objects/fb/e3bbccd85cb9b9f72e65e762367d1b23b73f24
2026/08/24 09:32:01 [25016] <f+++++++++ .git/objects/fb/fcc4956fe69a266bbc94427a11c35319fb9c80
2026/08/24 09:32:01 [25016] cd+++++++++ .git/objects/fc/
2026/08/24 09:32:01 [25016] <f+++++++++ .git/objects/fc/a6de4ac46b69c4bdf8288313a594ff8a0e2c41
2026/08/24 09:32:01 [25016] <f+++++++++ .git/objects/fc/d05902eba33e480bb16bca71c21d931ff0088b
2026/08/24 09:32:01 [25016] <f+++++++++ .git/objects/fc/f27553877d4cc3aca3d6d797c777bd563282a5
2026/08/24 09:32:01 [25016] cd+++++++++ .git/objects/fd/
2026/08/24 09:32:01 [25016] <f+++++++++ .git/objects/fd/0289a83181a40286b2ee2fcd4d0b590c605eb1
2026/08/24 09:32:01 [25016] <f+++++++++ .git/objects/fd/2736583e87608b32131c7addd8bb95e2bc72a1
2026/08/24 09:32:01 [25016] <f+++++++++ .git/objects/fd/4f4fe331fbac9ab066ce694d0d9aec9acdea11
2026/08/24 09:32:01 [25016] <f+++++++++ .git/objects/fd/548e67cb279a7ea2b729b20f2472b7b49d9e4d
2026/08/24 09:32:01 [25016] <f+++++++++ .git/objects/fd/bf3539b8f13a1d27c5f7ecc37867c2a816de0c
2026/08/24 09:32:01 [25016] <f+++++++++ .git/objects/fd/f2caba3546526c26fa8b81a21c635f04f91f86
2026/08/24 09:32:01 [25016] cd+++++++++ .git/objects/fe/
2026/08/24 09:32:01 [25016] <f+++++++++ .git/objects/fe/290d50be6f3361a7087a4e0cda57662789296a
2026/08/24 09:32:01 [25016] cd+++++++++ .git/objects/ff/
2026/08/24 09:32:01 [25016] <f+++++++++ .git/objects/ff/5eb6a71d94a3c4e9be420b2a331b022ca8d649
2026/08/24 09:32:01 [25016] <f+++++++++ .git/objects/ff/832b5e27a6efee679293c659c322b0aca49d56
2026/08/24 09:32:01 [25016] <f+++++++++ .git/objects/ff/be5d9ad6f256cdb3b4da4e2e17a311aa3d6552
2026/08/24 09:32:01 [25016] <f+++++++++ .git/objects/ff/e2817bcfb77c1d3a09485a1ee2254cdbdb5883
2026/08/24 09:32:01 [25016] <f+++++++++ .git/objects/ff/fb5aadf62f273520318a018f6f75eb77bc18cc
2026/08/24 09:32:01 [25016] cd+++++++++ .git/objects/info/
2026/08/24 09:32:01 [25016] cd+++++++++ .git/objects/pack/
2026/08/24 09:32:01 [25016] <f+++++++++ .git/objects/pack/pack-409c7bd545a6bcfa74db6f159267ac8d1c712a80.idx
2026/08/24 09:32:01 [25016] <f+++++++++ .git/objects/pack/pack-409c7bd545a6bcfa74db6f159267ac8d1c712a80.pack
2026/08/24 09:32:01 [25016] <f+++++++++ .git/objects/pack/pack-409c7bd545a6bcfa74db6f159267ac8d1c712a80.rev
2026/08/24 09:32:01 [25016] cd+++++++++ .git/refs/
2026/08/24 09:32:01 [25016] cd+++++++++ .git/refs/codex/
2026/08/24 09:32:01 [25016] cd+++++++++ .git/refs/codex/turn-diffs/
2026/08/24 09:32:01 [25016] cd+++++++++ .git/refs/codex/turn-diffs/captures/
2026/08/24 09:32:01 [25016] cd+++++++++ .git/refs/codex/turn-diffs/captures/1786839910420/
2026/08/24 09:32:01 [25016] cd+++++++++ .git/refs/codex/turn-diffs/captures/1786839910420/b005cc9a-b42f-47d0-a154-34722c316ea0/
2026/08/24 09:32:01 [25016] <f+++++++++ .git/refs/codex/turn-diffs/captures/1786839910420/b005cc9a-b42f-47d0-a154-34722c316ea0/base
2026/08/24 09:32:01 [25016] cd+++++++++ .git/refs/codex/turn-diffs/captures/1787561157944/
2026/08/24 09:32:01 [25016] cd+++++++++ .git/refs/codex/turn-diffs/captures/1787561157944/73fa9416-7f91-41dc-b672-7ad747e24a58/
2026/08/24 09:32:01 [25016] <f+++++++++ .git/refs/codex/turn-diffs/captures/1787561157944/73fa9416-7f91-41dc-b672-7ad747e24a58/base
2026/08/24 09:32:01 [25016] cd+++++++++ .git/refs/codex/turn-diffs/captures/1787562658178/
2026/08/24 09:32:01 [25016] cd+++++++++ .git/refs/codex/turn-diffs/captures/1787562658178/f305ae0a-acfa-44be-9138-f99606f75b33/
2026/08/24 09:32:01 [25016] <f+++++++++ .git/refs/codex/turn-diffs/captures/1787562658178/f305ae0a-acfa-44be-9138-f99606f75b33/base
2026/08/24 09:32:01 [25016] cd+++++++++ .git/refs/codex/turn-diffs/checkpoints/
2026/08/24 09:32:01 [25016] cd+++++++++ .git/refs/codex/turn-diffs/checkpoints/34b69fedb9216360737c44aad6b7518a12138b2f50d5dadd23e925971f8eb524/
2026/08/24 09:32:01 [25016] cd+++++++++ .git/refs/codex/turn-diffs/checkpoints/34b69fedb9216360737c44aad6b7518a12138b2f50d5dadd23e925971f8eb524/3c1905f27b42f5af0dc54d9561d052ebabea9c21c8adaa76870b25c34e4d4582/
2026/08/24 09:32:01 [25016] cd+++++++++ .git/refs/codex/turn-diffs/checkpoints/34b69fedb9216360737c44aad6b7518a12138b2f50d5dadd23e925971f8eb524/3c1905f27b42f5af0dc54d9561d052ebabea9c21c8adaa76870b25c34e4d4582/1787561512978/
2026/08/24 09:32:01 [25016] cd+++++++++ .git/refs/codex/turn-diffs/checkpoints/35d644a76b8f98416c2b1c1c20e13bac3d33a71c4f909629680371e8017b5bf3/
2026/08/24 09:32:01 [25016] cd+++++++++ .git/refs/codex/turn-diffs/checkpoints/35d644a76b8f98416c2b1c1c20e13bac3d33a71c4f909629680371e8017b5bf3/1ca1edf9f36f4f2d8d729c3f633f3c0c4ec241a6659ed1de86c2d8c06b830c4a/
2026/08/24 09:32:01 [25016] cd+++++++++ .git/refs/codex/turn-diffs/checkpoints/35d644a76b8f98416c2b1c1c20e13bac3d33a71c4f909629680371e8017b5bf3/1ca1edf9f36f4f2d8d729c3f633f3c0c4ec241a6659ed1de86c2d8c06b830c4a/1787339328308/
2026/08/24 09:32:01 [25016] cd+++++++++ .git/refs/codex/turn-diffs/checkpoints/35d644a76b8f98416c2b1c1c20e13bac3d33a71c4f909629680371e8017b5bf3/362eddfda7d9489572573a578ad039a30224d098d4671d4d5961ee04e07dd095/
2026/08/24 09:32:01 [25016] cd+++++++++ .git/refs/codex/turn-diffs/checkpoints/35d644a76b8f98416c2b1c1c20e13bac3d33a71c4f909629680371e8017b5bf3/362eddfda7d9489572573a578ad039a30224d098d4671d4d5961ee04e07dd095/1787339641201/
2026/08/24 09:32:01 [25016] cd+++++++++ .git/refs/codex/turn-diffs/checkpoints/35d644a76b8f98416c2b1c1c20e13bac3d33a71c4f909629680371e8017b5bf3/55b2b5097b3440dcffd19dde956e14da20ee58c285da43801324e8ccdc207a42/
2026/08/24 09:32:01 [25016] cd+++++++++ .git/refs/codex/turn-diffs/checkpoints/35d644a76b8f98416c2b1c1c20e13bac3d33a71c4f909629680371e8017b5bf3/55b2b5097b3440dcffd19dde956e14da20ee58c285da43801324e8ccdc207a42/1787351206251/
2026/08/24 09:32:01 [25016] cd+++++++++ .git/refs/codex/turn-diffs/checkpoints/35d644a76b8f98416c2b1c1c20e13bac3d33a71c4f909629680371e8017b5bf3/64bafe378dd07f5b912ab5a5f3cdd8e9a0c3088143332a3e6012c7d3cf15a2d4/
2026/08/24 09:32:01 [25016] cd+++++++++ .git/refs/codex/turn-diffs/checkpoints/35d644a76b8f98416c2b1c1c20e13bac3d33a71c4f909629680371e8017b5bf3/64bafe378dd07f5b912ab5a5f3cdd8e9a0c3088143332a3e6012c7d3cf15a2d4/1787352421006/
2026/08/24 09:32:01 [25016] cd+++++++++ .git/refs/codex/turn-diffs/checkpoints/35d644a76b8f98416c2b1c1c20e13bac3d33a71c4f909629680371e8017b5bf3/87f36fac270f6732599d95059c54e81d149fb414448f472fd072d6a7ac589587/
2026/08/24 09:32:01 [25016] cd+++++++++ .git/refs/codex/turn-diffs/checkpoints/35d644a76b8f98416c2b1c1c20e13bac3d33a71c4f909629680371e8017b5bf3/87f36fac270f6732599d95059c54e81d149fb414448f472fd072d6a7ac589587/1787345969033/
2026/08/24 09:32:01 [25016] cd+++++++++ .git/refs/codex/turn-diffs/checkpoints/35d644a76b8f98416c2b1c1c20e13bac3d33a71c4f909629680371e8017b5bf3/8a1e833424f6eb0250ef69f5fad964d892887b5e9b9d22a1e36c89a347a33f8a/
2026/08/24 09:32:01 [25016] cd+++++++++ .git/refs/codex/turn-diffs/checkpoints/35d644a76b8f98416c2b1c1c20e13bac3d33a71c4f909629680371e8017b5bf3/8a1e833424f6eb0250ef69f5fad964d892887b5e9b9d22a1e36c89a347a33f8a/1787340404597/
2026/08/24 09:32:01 [25016] cd+++++++++ .git/refs/codex/turn-diffs/checkpoints/35d644a76b8f98416c2b1c1c20e13bac3d33a71c4f909629680371e8017b5bf3/9946ede599f58a5406725d72e1a1e302992f57d8866d5b5d34db8f2897e0341e/
2026/08/24 09:32:01 [25016] cd+++++++++ .git/refs/codex/turn-diffs/checkpoints/35d644a76b8f98416c2b1c1c20e13bac3d33a71c4f909629680371e8017b5bf3/9946ede599f58a5406725d72e1a1e302992f57d8866d5b5d34db8f2897e0341e/1787340303776/
2026/08/24 09:32:01 [25016] cd+++++++++ .git/refs/codex/turn-diffs/checkpoints/35d644a76b8f98416c2b1c1c20e13bac3d33a71c4f909629680371e8017b5bf3/a58db533d963a0441668c0f0056b166ccf423d57212ab03dcf813c55b813cd86/
2026/08/24 09:32:01 [25016] cd+++++++++ .git/refs/codex/turn-diffs/checkpoints/35d644a76b8f98416c2b1c1c20e13bac3d33a71c4f909629680371e8017b5bf3/a58db533d963a0441668c0f0056b166ccf423d57212ab03dcf813c55b813cd86/1787352513635/
2026/08/24 09:32:01 [25016] cd+++++++++ .git/refs/codex/turn-diffs/checkpoints/35d644a76b8f98416c2b1c1c20e13bac3d33a71c4f909629680371e8017b5bf3/b4d57421a1be268a509d9a7ad8c6cf467e9db0df818c458f75f33818839baf30/
2026/08/24 09:32:01 [25016] cd+++++++++ .git/refs/codex/turn-diffs/checkpoints/35d644a76b8f98416c2b1c1c20e13bac3d33a71c4f909629680371e8017b5bf3/b4d57421a1be268a509d9a7ad8c6cf467e9db0df818c458f75f33818839baf30/1787339308026/
2026/08/24 09:32:01 [25016] cd+++++++++ .git/refs/codex/turn-diffs/checkpoints/35d644a76b8f98416c2b1c1c20e13bac3d33a71c4f909629680371e8017b5bf3/b914b2aef4ef51090735d15b0322f145e1be91d39a8db675b6b15e930d593dcf/
2026/08/24 09:32:01 [25016] cd+++++++++ .git/refs/codex/turn-diffs/checkpoints/35d644a76b8f98416c2b1c1c20e13bac3d33a71c4f909629680371e8017b5bf3/b914b2aef4ef51090735d15b0322f145e1be91d39a8db675b6b15e930d593dcf/1787343111131/
2026/08/24 09:32:01 [25016] cd+++++++++ .git/refs/codex/turn-diffs/checkpoints/35d644a76b8f98416c2b1c1c20e13bac3d33a71c4f909629680371e8017b5bf3/e36d2a76ffcdaa9118f4a2901f79ee1773c042bd2bbefb058cf701f07a5b110c/
2026/08/24 09:32:01 [25016] cd+++++++++ .git/refs/codex/turn-diffs/checkpoints/35d644a76b8f98416c2b1c1c20e13bac3d33a71c4f909629680371e8017b5bf3/e36d2a76ffcdaa9118f4a2901f79ee1773c042bd2bbefb058cf701f07a5b110c/1787352487753/
2026/08/24 09:32:01 [25016] cd+++++++++ .git/refs/codex/turn-diffs/checkpoints/35d644a76b8f98416c2b1c1c20e13bac3d33a71c4f909629680371e8017b5bf3/fe44ae941cdddeb6f26a22242a28356ce1ee5e414ca58bc4e258ec4aaac402ef/
2026/08/24 09:32:01 [25016] cd+++++++++ .git/refs/codex/turn-diffs/checkpoints/35d644a76b8f98416c2b1c1c20e13bac3d33a71c4f909629680371e8017b5bf3/fe44ae941cdddeb6f26a22242a28356ce1ee5e414ca58bc4e258ec4aaac402ef/1787348042805/
2026/08/24 09:32:01 [25016] cd+++++++++ .git/refs/codex/turn-diffs/checkpoints/678752b39f327eba4bed7f32c25bdb72d6c400c70c89e7dbbd366d08681fd121/
2026/08/24 09:32:01 [25016] cd+++++++++ .git/refs/codex/turn-diffs/checkpoints/678752b39f327eba4bed7f32c25bdb72d6c400c70c89e7dbbd366d08681fd121/5a94222402a1a24b23290d6b4941f6b6ce01ddc8c65beacf9cbbad1a5913f2dc/
2026/08/24 09:32:01 [25016] cd+++++++++ .git/refs/codex/turn-diffs/checkpoints/678752b39f327eba4bed7f32c25bdb72d6c400c70c89e7dbbd366d08681fd121/5a94222402a1a24b23290d6b4941f6b6ce01ddc8c65beacf9cbbad1a5913f2dc/1787560989523/
2026/08/24 09:32:01 [25016] cd+++++++++ .git/refs/codex/turn-diffs/checkpoints/67a96c5766b25c4a91bbc60e4aac0741f5193efc7d43056f5b648e5a9d805697/
2026/08/24 09:32:01 [25016] cd+++++++++ .git/refs/codex/turn-diffs/checkpoints/67a96c5766b25c4a91bbc60e4aac0741f5193efc7d43056f5b648e5a9d805697/18744cf82094969a26d011b6d4c35b8746d12db1ef0e708c60f869121d888e81/
2026/08/24 09:32:01 [25016] cd+++++++++ .git/refs/codex/turn-diffs/checkpoints/67a96c5766b25c4a91bbc60e4aac0741f5193efc7d43056f5b648e5a9d805697/18744cf82094969a26d011b6d4c35b8746d12db1ef0e708c60f869121d888e81/1786823510232/
2026/08/24 09:32:01 [25016] cd+++++++++ .git/refs/codex/turn-diffs/checkpoints/67a96c5766b25c4a91bbc60e4aac0741f5193efc7d43056f5b648e5a9d805697/23168557688bc5c03aab49d44a8e19833abaa7d0ff528212b4db54e1da27306f/
2026/08/24 09:32:01 [25016] cd+++++++++ .git/refs/codex/turn-diffs/checkpoints/67a96c5766b25c4a91bbc60e4aac0741f5193efc7d43056f5b648e5a9d805697/23168557688bc5c03aab49d44a8e19833abaa7d0ff528212b4db54e1da27306f/1786823472789/
2026/08/24 09:32:01 [25016] cd+++++++++ .git/refs/codex/turn-diffs/checkpoints/67a96c5766b25c4a91bbc60e4aac0741f5193efc7d43056f5b648e5a9d805697/38b73514597f654c7b3a4f53ce4046c837d5c1963ca41738058fda0c7c3c09bb/
2026/08/24 09:32:01 [25016] cd+++++++++ .git/refs/codex/turn-diffs/checkpoints/67a96c5766b25c4a91bbc60e4aac0741f5193efc7d43056f5b648e5a9d805697/38b73514597f654c7b3a4f53ce4046c837d5c1963ca41738058fda0c7c3c09bb/1786820192616/
2026/08/24 09:32:01 [25016] cd+++++++++ .git/refs/codex/turn-diffs/checkpoints/67a96c5766b25c4a91bbc60e4aac0741f5193efc7d43056f5b648e5a9d805697/6b1f3c1bf27cb25297f9ca7076d06692c50a8b6028b45eca25e01745e516ecb8/
2026/08/24 09:32:01 [25016] cd+++++++++ .git/refs/codex/turn-diffs/checkpoints/67a96c5766b25c4a91bbc60e4aac0741f5193efc7d43056f5b648e5a9d805697/6b1f3c1bf27cb25297f9ca7076d06692c50a8b6028b45eca25e01745e516ecb8/1786823418960/
2026/08/24 09:32:01 [25016] cd+++++++++ .git/refs/codex/turn-diffs/checkpoints/67a96c5766b25c4a91bbc60e4aac0741f5193efc7d43056f5b648e5a9d805697/9e14982c1d07e356947981e8ab2c6227a71c512a3b270163414d8720dfb19a15/
2026/08/24 09:32:01 [25016] cd+++++++++ .git/refs/codex/turn-diffs/checkpoints/67a96c5766b25c4a91bbc60e4aac0741f5193efc7d43056f5b648e5a9d805697/9e14982c1d07e356947981e8ab2c6227a71c512a3b270163414d8720dfb19a15/1786820987098/
2026/08/24 09:32:01 [25016] cd+++++++++ .git/refs/codex/turn-diffs/checkpoints/67a96c5766b25c4a91bbc60e4aac0741f5193efc7d43056f5b648e5a9d805697/a2185cc8df38cbfe0b2a709ee34bc9c69ee54973c5f55e6fa200f1256e54de55/
2026/08/24 09:32:01 [25016] cd+++++++++ .git/refs/codex/turn-diffs/checkpoints/67a96c5766b25c4a91bbc60e4aac0741f5193efc7d43056f5b648e5a9d805697/a2185cc8df38cbfe0b2a709ee34bc9c69ee54973c5f55e6fa200f1256e54de55/1786822399996/
2026/08/24 09:32:01 [25016] cd+++++++++ .git/refs/codex/turn-diffs/checkpoints/67a96c5766b25c4a91bbc60e4aac0741f5193efc7d43056f5b648e5a9d805697/a2a3b09219e7834ab75e5ef2d2a899cc1edb0bcb277f79d1e813d761ffa18a78/
2026/08/24 09:32:01 [25016] cd+++++++++ .git/refs/codex/turn-diffs/checkpoints/67a96c5766b25c4a91bbc60e4aac0741f5193efc7d43056f5b648e5a9d805697/a2a3b09219e7834ab75e5ef2d2a899cc1edb0bcb277f79d1e813d761ffa18a78/1786821370906/
2026/08/24 09:32:01 [25016] cd+++++++++ .git/refs/codex/turn-diffs/checkpoints/67a96c5766b25c4a91bbc60e4aac0741f5193efc7d43056f5b648e5a9d805697/e53335ff4184af4f208ba674ba8bd3e0d27ab7c664dd5f70c5ee232bf22140f8/
2026/08/24 09:32:01 [25016] cd+++++++++ .git/refs/codex/turn-diffs/checkpoints/67a96c5766b25c4a91bbc60e4aac0741f5193efc7d43056f5b648e5a9d805697/e53335ff4184af4f208ba674ba8bd3e0d27ab7c664dd5f70c5ee232bf22140f8/1786822921092/
2026/08/24 09:32:01 [25016] cd+++++++++ .git/refs/codex/turn-diffs/checkpoints/691ed14a7bae9b16edc89a36c7bf3b3f66586a2dd6ea13ad83458167d30ba7d5/
2026/08/24 09:32:01 [25016] cd+++++++++ .git/refs/codex/turn-diffs/checkpoints/691ed14a7bae9b16edc89a36c7bf3b3f66586a2dd6ea13ad83458167d30ba7d5/100dc15803f558b891dce92163be2b48ccb517cf7d5a50d8d64e2b22f74b9729/
2026/08/24 09:32:01 [25016] cd+++++++++ .git/refs/codex/turn-diffs/checkpoints/691ed14a7bae9b16edc89a36c7bf3b3f66586a2dd6ea13ad83458167d30ba7d5/100dc15803f558b891dce92163be2b48ccb517cf7d5a50d8d64e2b22f74b9729/1787560621499/
2026/08/24 09:32:01 [25016] cd+++++++++ .git/refs/codex/turn-diffs/checkpoints/691ed14a7bae9b16edc89a36c7bf3b3f66586a2dd6ea13ad83458167d30ba7d5/21c4a018891487f007e0bb08aef7435bd0c55b50b62c2ff8c27efc3ac6baab60/
2026/08/24 09:32:01 [25016] cd+++++++++ .git/refs/codex/turn-diffs/checkpoints/691ed14a7bae9b16edc89a36c7bf3b3f66586a2dd6ea13ad83458167d30ba7d5/21c4a018891487f007e0bb08aef7435bd0c55b50b62c2ff8c27efc3ac6baab60/1787559829247/
2026/08/24 09:32:01 [25016] cd+++++++++ .git/refs/codex/turn-diffs/checkpoints/8b9d387c014ac07926c58d00a00a4d6876c0cfb574146456b74e80b99fec3552/
2026/08/24 09:32:01 [25016] cd+++++++++ .git/refs/codex/turn-diffs/checkpoints/8b9d387c014ac07926c58d00a00a4d6876c0cfb574146456b74e80b99fec3552/0c0e4f35f970a5e9fcce7792f7b682f373add2471cc0b24cf67932ef0b096377/
2026/08/24 09:32:01 [25016] cd+++++++++ .git/refs/codex/turn-diffs/checkpoints/8b9d387c014ac07926c58d00a00a4d6876c0cfb574146456b74e80b99fec3552/0c0e4f35f970a5e9fcce7792f7b682f373add2471cc0b24cf67932ef0b096377/1787476196940/
2026/08/24 09:32:01 [25016] cd+++++++++ .git/refs/codex/turn-diffs/checkpoints/8b9d387c014ac07926c58d00a00a4d6876c0cfb574146456b74e80b99fec3552/6dd33331e85ac7fe883ea3907cbd94bcecabd6088433542d234c7d2d9355ece5/
2026/08/24 09:32:01 [25016] cd+++++++++ .git/refs/codex/turn-diffs/checkpoints/8b9d387c014ac07926c58d00a00a4d6876c0cfb574146456b74e80b99fec3552/6dd33331e85ac7fe883ea3907cbd94bcecabd6088433542d234c7d2d9355ece5/1787475836255/
2026/08/24 09:32:01 [25016] cd+++++++++ .git/refs/codex/turn-diffs/checkpoints/8b9d387c014ac07926c58d00a00a4d6876c0cfb574146456b74e80b99fec3552/feb7ea9b3eedccf1b5f1f0bc6b7ccb5f36f3047f90c5ac864f855092195cadca/
2026/08/24 09:32:01 [25016] cd+++++++++ .git/refs/codex/turn-diffs/checkpoints/8b9d387c014ac07926c58d00a00a4d6876c0cfb574146456b74e80b99fec3552/feb7ea9b3eedccf1b5f1f0bc6b7ccb5f36f3047f90c5ac864f855092195cadca/1787475438329/
2026/08/24 09:32:01 [25016] cd+++++++++ .git/refs/codex/turn-diffs/checkpoints/9573eee1db0333879209b352b86390c267872def0205170a9191cc91d8fd011e/
2026/08/24 09:32:01 [25016] cd+++++++++ .git/refs/codex/turn-diffs/checkpoints/9573eee1db0333879209b352b86390c267872def0205170a9191cc91d8fd011e/2c05393ae7788de1017fbad4e883030505434eaf77030f32bec742f0a8a718ac/
2026/08/24 09:32:01 [25016] cd+++++++++ .git/refs/codex/turn-diffs/checkpoints/9573eee1db0333879209b352b86390c267872def0205170a9191cc91d8fd011e/2c05393ae7788de1017fbad4e883030505434eaf77030f32bec742f0a8a718ac/1787522902055/
2026/08/24 09:32:01 [25016] cd+++++++++ .git/refs/codex/turn-diffs/checkpoints/9573eee1db0333879209b352b86390c267872def0205170a9191cc91d8fd011e/2e122064a7b59181e7a388b10c7d029550dad891bc6d7115d66bd00363134cac/
2026/08/24 09:32:01 [25016] cd+++++++++ .git/refs/codex/turn-diffs/checkpoints/9573eee1db0333879209b352b86390c267872def0205170a9191cc91d8fd011e/2e122064a7b59181e7a388b10c7d029550dad891bc6d7115d66bd00363134cac/1787523468460/
2026/08/24 09:32:01 [25016] cd+++++++++ .git/refs/codex/turn-diffs/checkpoints/9573eee1db0333879209b352b86390c267872def0205170a9191cc91d8fd011e/30a492b16362d5df7422ada0990457c4df0bcf1004d05ba316df393cbfa06914/
2026/08/24 09:32:01 [25016] cd+++++++++ .git/refs/codex/turn-diffs/checkpoints/9573eee1db0333879209b352b86390c267872def0205170a9191cc91d8fd011e/30a492b16362d5df7422ada0990457c4df0bcf1004d05ba316df393cbfa06914/1787522850516/
2026/08/24 09:32:01 [25016] cd+++++++++ .git/refs/codex/turn-diffs/checkpoints/9573eee1db0333879209b352b86390c267872def0205170a9191cc91d8fd011e/47359cc4ba3d73230505dee57dc6229d6eeabf7d7f6a888c2ea934f3d8adef3a/
2026/08/24 09:32:01 [25016] cd+++++++++ .git/refs/codex/turn-diffs/checkpoints/9573eee1db0333879209b352b86390c267872def0205170a9191cc91d8fd011e/47359cc4ba3d73230505dee57dc6229d6eeabf7d7f6a888c2ea934f3d8adef3a/1787509017506/
2026/08/24 09:32:01 [25016] cd+++++++++ .git/refs/codex/turn-diffs/checkpoints/9573eee1db0333879209b352b86390c267872def0205170a9191cc91d8fd011e/61a9e62fb09856afe9056444ad4e3099b8ded84a1dc21d82a81e1bc7516be37e/
2026/08/24 09:32:01 [25016] cd+++++++++ .git/refs/codex/turn-diffs/checkpoints/9573eee1db0333879209b352b86390c267872def0205170a9191cc91d8fd011e/61a9e62fb09856afe9056444ad4e3099b8ded84a1dc21d82a81e1bc7516be37e/1787522881289/
2026/08/24 09:32:01 [25016] cd+++++++++ .git/refs/codex/turn-diffs/checkpoints/9573eee1db0333879209b352b86390c267872def0205170a9191cc91d8fd011e/6b17b0658a8a218a89e3cd5d5d453cbd4cef15fe421a385c9ff9b582d9c01da3/
2026/08/24 09:32:01 [25016] cd+++++++++ .git/refs/codex/turn-diffs/checkpoints/9573eee1db0333879209b352b86390c267872def0205170a9191cc91d8fd011e/6b17b0658a8a218a89e3cd5d5d453cbd4cef15fe421a385c9ff9b582d9c01da3/1787522718703/
2026/08/24 09:32:01 [25016] cd+++++++++ .git/refs/codex/turn-diffs/checkpoints/9573eee1db0333879209b352b86390c267872def0205170a9191cc91d8fd011e/897ccd21ff0b6c1b722cd2420c033682c9d8f7175049cccb36f2ed264afb0bac/
2026/08/24 09:32:01 [25016] cd+++++++++ .git/refs/codex/turn-diffs/checkpoints/9573eee1db0333879209b352b86390c267872def0205170a9191cc91d8fd011e/897ccd21ff0b6c1b722cd2420c033682c9d8f7175049cccb36f2ed264afb0bac/1787521042345/
2026/08/24 09:32:01 [25016] cd+++++++++ .git/refs/codex/turn-diffs/checkpoints/9573eee1db0333879209b352b86390c267872def0205170a9191cc91d8fd011e/9b7561c022703ad5810bf5800a4e22298589b2ec35355cc3a7563a2bd20ddae7/
2026/08/24 09:32:01 [25016] cd+++++++++ .git/refs/codex/turn-diffs/checkpoints/9573eee1db0333879209b352b86390c267872def0205170a9191cc91d8fd011e/9b7561c022703ad5810bf5800a4e22298589b2ec35355cc3a7563a2bd20ddae7/1787523520370/
2026/08/24 09:32:01 [25016] cd+++++++++ .git/refs/codex/turn-diffs/checkpoints/9573eee1db0333879209b352b86390c267872def0205170a9191cc91d8fd011e/bc749874a82398244a91516d8e8ce364cbcb930eb0b90e7109deb844c3595b34/
2026/08/24 09:32:01 [25016] cd+++++++++ .git/refs/codex/turn-diffs/checkpoints/9573eee1db0333879209b352b86390c267872def0205170a9191cc91d8fd011e/bc749874a82398244a91516d8e8ce364cbcb930eb0b90e7109deb844c3595b34/1787522863091/
2026/08/24 09:32:01 [25016] cd+++++++++ .git/refs/codex/turn-diffs/checkpoints/9573eee1db0333879209b352b86390c267872def0205170a9191cc91d8fd011e/f069d8d5c53aa83face6ec82b8ac25ceac7362bde7f9b4aba2df86cecf9567bc/
2026/08/24 09:32:01 [25016] cd+++++++++ .git/refs/codex/turn-diffs/checkpoints/9573eee1db0333879209b352b86390c267872def0205170a9191cc91d8fd011e/f069d8d5c53aa83face6ec82b8ac25ceac7362bde7f9b4aba2df86cecf9567bc/1787519526198/
2026/08/24 09:32:01 [25016] cd+++++++++ .git/refs/codex/turn-diffs/checkpoints/9573eee1db0333879209b352b86390c267872def0205170a9191cc91d8fd011e/f0ab6fdf1159fc6e76696c1cf7ac145dd3fa64ae0bad6486bc6c85528e346a91/
2026/08/24 09:32:01 [25016] cd+++++++++ .git/refs/codex/turn-diffs/checkpoints/9573eee1db0333879209b352b86390c267872def0205170a9191cc91d8fd011e/f0ab6fdf1159fc6e76696c1cf7ac145dd3fa64ae0bad6486bc6c85528e346a91/1787519308271/
2026/08/24 09:32:01 [25016] cd+++++++++ .git/refs/codex/turn-diffs/checkpoints/9e4be4d44ad72c0b5388de3017adfeca101c9cea78bc1e0929c0b01680807e49/
2026/08/24 09:32:01 [25016] cd+++++++++ .git/refs/codex/turn-diffs/checkpoints/9e4be4d44ad72c0b5388de3017adfeca101c9cea78bc1e0929c0b01680807e49/2f2d42634c87c913ece213e3075b7013c780e9b68e4496eb1aaa89960e8f51bc/
2026/08/24 09:32:01 [25016] cd+++++++++ .git/refs/codex/turn-diffs/checkpoints/9e4be4d44ad72c0b5388de3017adfeca101c9cea78bc1e0929c0b01680807e49/2f2d42634c87c913ece213e3075b7013c780e9b68e4496eb1aaa89960e8f51bc/1786838094288/
2026/08/24 09:32:01 [25016] cd+++++++++ .git/refs/codex/turn-diffs/checkpoints/9e4be4d44ad72c0b5388de3017adfeca101c9cea78bc1e0929c0b01680807e49/617ec949d2de5e5a0b03fcf40785054cc1579bf7f8ca74a3d6e197e1d89450ef/
2026/08/24 09:32:01 [25016] cd+++++++++ .git/refs/codex/turn-diffs/checkpoints/9e4be4d44ad72c0b5388de3017adfeca101c9cea78bc1e0929c0b01680807e49/617ec949d2de5e5a0b03fcf40785054cc1579bf7f8ca74a3d6e197e1d89450ef/1786838585679/
2026/08/24 09:32:01 [25016] cd+++++++++ .git/refs/codex/turn-diffs/checkpoints/9e4be4d44ad72c0b5388de3017adfeca101c9cea78bc1e0929c0b01680807e49/8c5ea7d10fce55402aa1462d0909b25939bafa8ccdb9e486bf1422cbe59272e6/
2026/08/24 09:32:01 [25016] cd+++++++++ .git/refs/codex/turn-diffs/checkpoints/9e4be4d44ad72c0b5388de3017adfeca101c9cea78bc1e0929c0b01680807e49/8c5ea7d10fce55402aa1462d0909b25939bafa8ccdb9e486bf1422cbe59272e6/1786839129920/
2026/08/24 09:32:01 [25016] cd+++++++++ .git/refs/codex/turn-diffs/checkpoints/9e4be4d44ad72c0b5388de3017adfeca101c9cea78bc1e0929c0b01680807e49/aef7608daeae0339bd1d2e91ac371cae7a1a4bfa02510cc079c5cad08e3e68f4/
2026/08/24 09:32:01 [25016] cd+++++++++ .git/refs/codex/turn-diffs/checkpoints/9e4be4d44ad72c0b5388de3017adfeca101c9cea78bc1e0929c0b01680807e49/aef7608daeae0339bd1d2e91ac371cae7a1a4bfa02510cc079c5cad08e3e68f4/1786836286592/
2026/08/24 09:32:01 [25016] cd+++++++++ .git/refs/codex/turn-diffs/checkpoints/9e4be4d44ad72c0b5388de3017adfeca101c9cea78bc1e0929c0b01680807e49/dda30401170b3a0b1f55d10378a44d71519e62a01861d5baa87999bfc3c457a8/
2026/08/24 09:32:01 [25016] cd+++++++++ .git/refs/codex/turn-diffs/checkpoints/9e4be4d44ad72c0b5388de3017adfeca101c9cea78bc1e0929c0b01680807e49/dda30401170b3a0b1f55d10378a44d71519e62a01861d5baa87999bfc3c457a8/1786837772540/
2026/08/24 09:32:01 [25016] cd+++++++++ .git/refs/codex/turn-diffs/checkpoints/9e4be4d44ad72c0b5388de3017adfeca101c9cea78bc1e0929c0b01680807e49/e10d374a5685546d8539e295c69c49e183de3daf3dfcbbe6df0c05d6d7cdd4c4/
2026/08/24 09:32:01 [25016] cd+++++++++ .git/refs/codex/turn-diffs/checkpoints/9e4be4d44ad72c0b5388de3017adfeca101c9cea78bc1e0929c0b01680807e49/e10d374a5685546d8539e295c69c49e183de3daf3dfcbbe6df0c05d6d7cdd4c4/1786838271390/
2026/08/24 09:32:01 [25016] cd+++++++++ .git/refs/codex/turn-diffs/checkpoints/b01dbf5e589ffe5f518d692d1124545b69e526ed52bc96561b73e5454abf42d9/
2026/08/24 09:32:01 [25016] cd+++++++++ .git/refs/codex/turn-diffs/checkpoints/b01dbf5e589ffe5f518d692d1124545b69e526ed52bc96561b73e5454abf42d9/df4794378b67508681e992338de7590624f050934ef499baaae45d74300e0a82/
2026/08/24 09:32:01 [25016] cd+++++++++ .git/refs/codex/turn-diffs/checkpoints/b01dbf5e589ffe5f518d692d1124545b69e526ed52bc96561b73e5454abf42d9/df4794378b67508681e992338de7590624f050934ef499baaae45d74300e0a82/1787505969299/
2026/08/24 09:32:01 [25016] cd+++++++++ .git/refs/codex/turn-diffs/checkpoints/b8a03ee0b0b95ae6d91d211b8229a65e2af3d58442f0251ca85438062a86e356/
2026/08/24 09:32:01 [25016] cd+++++++++ .git/refs/codex/turn-diffs/checkpoints/b8a03ee0b0b95ae6d91d211b8229a65e2af3d58442f0251ca85438062a86e356/18c6a24c1924afec48f627fa7374cd9fd0e8cdce6896215939320e9fc4776909/
2026/08/24 09:32:01 [25016] cd+++++++++ .git/refs/codex/turn-diffs/checkpoints/b8a03ee0b0b95ae6d91d211b8229a65e2af3d58442f0251ca85438062a86e356/18c6a24c1924afec48f627fa7374cd9fd0e8cdce6896215939320e9fc4776909/1786830664510/
2026/08/24 09:32:01 [25016] cd+++++++++ .git/refs/codex/turn-diffs/checkpoints/b8a03ee0b0b95ae6d91d211b8229a65e2af3d58442f0251ca85438062a86e356/2e695e554bca4cf17f006da4a4103d019c804903633ba1b55f33039c3fbc612a/
2026/08/24 09:32:01 [25016] cd+++++++++ .git/refs/codex/turn-diffs/checkpoints/b8a03ee0b0b95ae6d91d211b8229a65e2af3d58442f0251ca85438062a86e356/2e695e554bca4cf17f006da4a4103d019c804903633ba1b55f33039c3fbc612a/1786840987443/
2026/08/24 09:32:01 [25016] cd+++++++++ .git/refs/codex/turn-diffs/checkpoints/b8a03ee0b0b95ae6d91d211b8229a65e2af3d58442f0251ca85438062a86e356/3d2aa46e530c14296da33c5eeaa886a226c333f8b680156bfb7a0ca742f9714f/
2026/08/24 09:32:01 [25016] cd+++++++++ .git/refs/codex/turn-diffs/checkpoints/b8a03ee0b0b95ae6d91d211b8229a65e2af3d58442f0251ca85438062a86e356/3d2aa46e530c14296da33c5eeaa886a226c333f8b680156bfb7a0ca742f9714f/1786845111545/
2026/08/24 09:32:01 [25016] cd+++++++++ .git/refs/codex/turn-diffs/checkpoints/b8a03ee0b0b95ae6d91d211b8229a65e2af3d58442f0251ca85438062a86e356/4c64e711271cc61372f29a0cd60af9f3a4e226056aa371b27149a24f01934a9b/
2026/08/24 09:32:01 [25016] cd+++++++++ .git/refs/codex/turn-diffs/checkpoints/b8a03ee0b0b95ae6d91d211b8229a65e2af3d58442f0251ca85438062a86e356/4c64e711271cc61372f29a0cd60af9f3a4e226056aa371b27149a24f01934a9b/1786844989297/
2026/08/24 09:32:01 [25016] cd+++++++++ .git/refs/codex/turn-diffs/checkpoints/b8a03ee0b0b95ae6d91d211b8229a65e2af3d58442f0251ca85438062a86e356/6c5963fc94006b74cefc091af706b6e29626bbc86d92586bf4689f15cc950947/
2026/08/24 09:32:01 [25016] cd+++++++++ .git/refs/codex/turn-diffs/checkpoints/b8a03ee0b0b95ae6d91d211b8229a65e2af3d58442f0251ca85438062a86e356/6c5963fc94006b74cefc091af706b6e29626bbc86d92586bf4689f15cc950947/1786840925207/
2026/08/24 09:32:01 [25016] cd+++++++++ .git/refs/codex/turn-diffs/checkpoints/b8a03ee0b0b95ae6d91d211b8229a65e2af3d58442f0251ca85438062a86e356/6e6eea2bccba40da015eb3adafb18d64fdb59ff3cb7370d79b6f4fd99fc799cb/
2026/08/24 09:32:01 [25016] cd+++++++++ .git/refs/codex/turn-diffs/checkpoints/b8a03ee0b0b95ae6d91d211b8229a65e2af3d58442f0251ca85438062a86e356/6e6eea2bccba40da015eb3adafb18d64fdb59ff3cb7370d79b6f4fd99fc799cb/1786840961612/
2026/08/24 09:32:01 [25016] cd+++++++++ .git/refs/codex/turn-diffs/checkpoints/b8a03ee0b0b95ae6d91d211b8229a65e2af3d58442f0251ca85438062a86e356/74540996c37070a3e665ea2fca1ec907f9c7212aac3a8d3f6113d9254055008c/
2026/08/24 09:32:01 [25016] cd+++++++++ .git/refs/codex/turn-diffs/checkpoints/b8a03ee0b0b95ae6d91d211b8229a65e2af3d58442f0251ca85438062a86e356/74540996c37070a3e665ea2fca1ec907f9c7212aac3a8d3f6113d9254055008c/1786840544026/
2026/08/24 09:32:01 [25016] cd+++++++++ .git/refs/codex/turn-diffs/checkpoints/b8a03ee0b0b95ae6d91d211b8229a65e2af3d58442f0251ca85438062a86e356/79e2002d4858de25e1dd3d5bf061543c78032e4b808f7609c26ad3b4bfb3e235/
2026/08/24 09:32:01 [25016] cd+++++++++ .git/refs/codex/turn-diffs/checkpoints/b8a03ee0b0b95ae6d91d211b8229a65e2af3d58442f0251ca85438062a86e356/79e2002d4858de25e1dd3d5bf061543c78032e4b808f7609c26ad3b4bfb3e235/1786829043334/
2026/08/24 09:32:01 [25016] cd+++++++++ .git/refs/codex/turn-diffs/checkpoints/b8a03ee0b0b95ae6d91d211b8229a65e2af3d58442f0251ca85438062a86e356/81152c4e732062028e59204810a0a91c3149782402fa95a247b3bb0067550771/
2026/08/24 09:32:01 [25016] cd+++++++++ .git/refs/codex/turn-diffs/checkpoints/b8a03ee0b0b95ae6d91d211b8229a65e2af3d58442f0251ca85438062a86e356/81152c4e732062028e59204810a0a91c3149782402fa95a247b3bb0067550771/1786825625071/
2026/08/24 09:32:01 [25016] cd+++++++++ .git/refs/codex/turn-diffs/checkpoints/b8a03ee0b0b95ae6d91d211b8229a65e2af3d58442f0251ca85438062a86e356/8f822a2528e710aa24bad200eedbd5cc5dd75ec1cf0748a63d0717082c5d0029/
2026/08/24 09:32:01 [25016] cd+++++++++ .git/refs/codex/turn-diffs/checkpoints/b8a03ee0b0b95ae6d91d211b8229a65e2af3d58442f0251ca85438062a86e356/8f822a2528e710aa24bad200eedbd5cc5dd75ec1cf0748a63d0717082c5d0029/1786826190599/
2026/08/24 09:32:01 [25016] cd+++++++++ .git/refs/codex/turn-diffs/checkpoints/b8a03ee0b0b95ae6d91d211b8229a65e2af3d58442f0251ca85438062a86e356/90cfd99162aed3f565048b5511dc0eb617b0a80c6a15cc1d6503cbecd55a57cf/
2026/08/24 09:32:01 [25016] cd+++++++++ .git/refs/codex/turn-diffs/checkpoints/b8a03ee0b0b95ae6d91d211b8229a65e2af3d58442f0251ca85438062a86e356/90cfd99162aed3f565048b5511dc0eb617b0a80c6a15cc1d6503cbecd55a57cf/1786840378432/
2026/08/24 09:32:01 [25016] cd+++++++++ .git/refs/codex/turn-diffs/checkpoints/b8a03ee0b0b95ae6d91d211b8229a65e2af3d58442f0251ca85438062a86e356/cfe1ee2fbf2db2c99056daf9323f445796636fabf349326f065f26b0b21fa0dd/
2026/08/24 09:32:01 [25016] cd+++++++++ .git/refs/codex/turn-diffs/checkpoints/b8a03ee0b0b95ae6d91d211b8229a65e2af3d58442f0251ca85438062a86e356/cfe1ee2fbf2db2c99056daf9323f445796636fabf349326f065f26b0b21fa0dd/1786823788224/
2026/08/24 09:32:01 [25016] cd+++++++++ .git/refs/codex/turn-diffs/checkpoints/b8a03ee0b0b95ae6d91d211b8229a65e2af3d58442f0251ca85438062a86e356/d2f73500865ef2b1267524d6e9db2c6d6343d65f5c27a916c331bec726b652e6/
2026/08/24 09:32:01 [25016] cd+++++++++ .git/refs/codex/turn-diffs/checkpoints/b8a03ee0b0b95ae6d91d211b8229a65e2af3d58442f0251ca85438062a86e356/d2f73500865ef2b1267524d6e9db2c6d6343d65f5c27a916c331bec726b652e6/1786824887026/
2026/08/24 09:32:01 [25016] cd+++++++++ .git/refs/codex/turn-diffs/checkpoints/b8a03ee0b0b95ae6d91d211b8229a65e2af3d58442f0251ca85438062a86e356/e61e9486fd3f3dd09c86e41863b32ca03fe9d0a95cd5acc7f6a32b3e2fe3b0ec/
2026/08/24 09:32:01 [25016] cd+++++++++ .git/refs/codex/turn-diffs/checkpoints/b8a03ee0b0b95ae6d91d211b8229a65e2af3d58442f0251ca85438062a86e356/e61e9486fd3f3dd09c86e41863b32ca03fe9d0a95cd5acc7f6a32b3e2fe3b0ec/1786841026127/
2026/08/24 09:32:01 [25016] cd+++++++++ .git/refs/codex/turn-diffs/checkpoints/b8a03ee0b0b95ae6d91d211b8229a65e2af3d58442f0251ca85438062a86e356/fb2a1fd309cc2c73346aa2a1be549168ef1d30f34e18a12d988c088f427a6b98/
2026/08/24 09:32:01 [25016] cd+++++++++ .git/refs/codex/turn-diffs/checkpoints/b8a03ee0b0b95ae6d91d211b8229a65e2af3d58442f0251ca85438062a86e356/fb2a1fd309cc2c73346aa2a1be549168ef1d30f34e18a12d988c088f427a6b98/1786828136613/
2026/08/24 09:32:01 [25016] cd+++++++++ .git/refs/heads/
2026/08/24 09:32:01 [25016] <f+++++++++ .git/refs/heads/main
2026/08/24 09:32:01 [25016] cd+++++++++ .git/refs/remotes/
2026/08/24 09:32:01 [25016] cd+++++++++ .git/refs/remotes/origin/
2026/08/24 09:32:01 [25016] <f+++++++++ .git/refs/remotes/origin/HEAD
2026/08/24 09:32:01 [25016] <f+++++++++ .git/refs/remotes/origin/main
2026/08/24 09:32:01 [25016] cd+++++++++ .git/refs/tags/
2026/08/24 09:32:01 [25016] cd+++++++++ .git/worktrees/
2026/08/24 09:32:01 [25016] cd+++++++++ .git/worktrees/task_phase2_before_fixed/
2026/08/24 09:32:01 [25016] <f+++++++++ .git/worktrees/task_phase2_before_fixed/HEAD
2026/08/24 09:32:01 [25016] <f+++++++++ .git/worktrees/task_phase2_before_fixed/ORIG_HEAD
2026/08/24 09:32:01 [25016] <f+++++++++ .git/worktrees/task_phase2_before_fixed/commondir
2026/08/24 09:32:01 [25016] <f+++++++++ .git/worktrees/task_phase2_before_fixed/gitdir
2026/08/24 09:32:01 [25016] <f+++++++++ .git/worktrees/task_phase2_before_fixed/index
2026/08/24 09:32:01 [25016] cd+++++++++ .git/worktrees/task_phase2_before_fixed/logs/
2026/08/24 09:32:01 [25016] <f+++++++++ .git/worktrees/task_phase2_before_fixed/logs/HEAD
2026/08/24 09:32:01 [25016] cd+++++++++ benchmark/
2026/08/24 09:32:01 [25016] <f+++++++++ benchmark/bin_to_csv.py
2026/08/24 09:32:01 [25016] <f+++++++++ benchmark/decile.py
2026/08/24 09:32:01 [25016] <f+++++++++ benchmark/preflight_isolation.sh
2026/08/24 09:32:01 [25016] <f+++++++++ benchmark/run_once.sh
2026/08/24 09:32:01 [25016] <f+++++++++ benchmark/run_remote.sh
2026/08/24 09:32:01 [25016] <f+++++++++ benchmark/summarize.py
2026/08/24 09:32:01 [25016] <f+++++++++ benchmark/sweep_rate.sh
2026/08/24 09:32:01 [25016] <f+++++++++ benchmark/test_preflight_isolation.sh
2026/08/24 09:32:01 [25016] cd+++++++++ harness/
2026/08/24 09:32:01 [25016] <f+++++++++ harness/.gitignore
2026/08/24 09:32:01 [25016] <f+++++++++ harness/Makefile
2026/08/24 09:32:01 [25016] <f+++++++++ harness/README.md
2026/08/24 09:32:01 [25016] cd+++++++++ harness/bin/
2026/08/24 09:32:01 [25016] <f+++++++++ harness/bin/consumer
2026/08/24 09:32:01 [25016] <f+++++++++ harness/bin/producer
2026/08/24 09:32:01 [25016] <f+++++++++ harness/bin/receiver
2026/08/24 09:32:01 [25016] <f+++++++++ harness/bin/sender
2026/08/24 09:32:01 [25016] <f+++++++++ harness/bin/test_harness
2026/08/24 09:32:01 [25016] cd+++++++++ harness/include/
2026/08/24 09:32:01 [25016] <f+++++++++ harness/include/dedupe_window.h
2026/08/24 09:32:01 [25016] <f+++++++++ harness/include/fec.h
2026/08/24 09:32:01 [25016] <f+++++++++ harness/include/message.h
2026/08/24 09:32:01 [25016] <f+++++++++ harness/include/metrics.h
2026/08/24 09:32:01 [25016] <f+++++++++ harness/include/shm_ring.h
2026/08/24 09:32:01 [25016] <f+++++++++ harness/include/shm_segment.h
2026/08/24 09:32:01 [25016] <f+++++++++ harness/include/util.h
2026/08/24 09:32:01 [25016] cd+++++++++ harness/src/
2026/08/24 09:32:01 [25016] <f+++++++++ harness/src/consumer.cpp
2026/08/24 09:32:01 [25016] <f+++++++++ harness/src/producer.cpp
2026/08/24 09:32:01 [25016] <f+++++++++ harness/src/receiver.cpp
2026/08/24 09:32:01 [25016] <f+++++++++ harness/src/sender.cpp
2026/08/24 09:32:01 [25016] cd+++++++++ harness/test/
2026/08/24 09:32:01 [25016] <f+++++++++ harness/test/test_harness.cpp
2026/08/24 09:32:01 [25016] cd+++++++++ infra/
2026/08/24 09:32:01 [25016] <f+++++++++ infra/README_RUN.md
2026/08/24 09:32:01 [25016] <f+++++++++ infra/bootstrap.sh
2026/08/24 09:32:01 [25016] <f+++++++++ infra/provision.sh
2026/08/24 09:32:01 [25016] cd+++++++++ tools/
2026/08/24 09:32:01 [25016] <f+++++++++ tools/clock_probe.cpp
2026/08/24 09:32:01 [25016] sent 84196962 bytes  received 20317 bytes  total size 84654232
